nse,st_centroid
D+,0101000020E6100000A2F3E15982CA58C04C8061F9F3333340
D+,0101000020E6100000675A626534CA58C04C8061F9F3333340
D+,0101000020E610000027C1E270E6C958C0947CEC2E503E3340
D+,0101000020E610000028C1E270E6C958C02D1C08C9023C3340
D+,0101000020E610000028C1E270E6C958C0E0A9471ADC3A3340
D+,0101000020E610000026C1E270E6C958C09437876BB5393340
D+,0101000020E610000028C1E270E6C958C09AF221A81A353340
D+,0101000020E610000028C1E270E6C958C04E8061F9F3333340
D+,0101000020E6100000ED27637C98C958C0480A2C80293D3340
D+,0101000020E6100000B08EE3874AC958C0480A2C80293D3340
D+,0101000020E6100000AF8EE3874AC958C02E1C08C9023C3340
D+,0101000020E6100000B929E5B512C858C0E264E25641363340
D+,0101000020E61000007C9065C1C4C758C07A87DBA161833340
D+,0101000020E61000007C9065C1C4C758C07D4963B48E383340
D+,0101000020E61000007E9065C1C4C758C02FD7A20568373340
D+,0101000020E61000007D9065C1C4C758C0E364E25641363340
D+,0101000020E61000007B9065C1C4C758C09AF221A81A353340
D+,0101000020E61000003DF7E5CC76C758C0E1A25A4414813340
D+,0101000020E61000003FF7E5CC76C758C02FD7A20568373340
D+,0101000020E6100000015E66D828C758C09437876BB5393340
D+,0101000020E6100000015E66D828C758C07A4963B48E383340
D+,0101000020E6100000005E66D828C758C02FD7A20568373340
D+,0101000020E6100000C3C4E6E3DAC658C09337876BB5393340
D+,0101000020E6100000512DE92807C558C043D95BCAF94A3340
D+,0101000020E6100000512DE92807C558C0957CEC2E503E3340
D+,0101000020E610000019946934B9C458C078D32D3BC4413340
D+,0101000020E6100000DAFAE93F6BC458C076D32D3BC4413340
D+,0101000020E6100000D8FAE93F6BC458C02B616D8C9D403340
D+,0101000020E61000005DC8EA56CFC358C0E88EC536A96E3340
D+,0101000020E6100000212F6B6281C358C081734694F6703340
D+,0101000020E6100000212F6B6281C358C0350186E5CF6F3340
D+,0101000020E6100000222F6B6281C358C0E98EC536A96E3340
D+,0101000020E6100000A7FC6B79E5C258C0865FB1868B5E3340
D+,0101000020E61000006B63EC8497C258C0D48C0C72175B3340
D+,0101000020E61000006963EC8497C258C076D32D3BC4413340
D+,0101000020E6100000ED30ED9BFBC158C093C151F2EA423340
D+,0101000020E6100000A77686A9ADC158C092C151F2EA423340
D+,0101000020E61000005DBC1FB75FC158C078D32D3BC4413340
D+,0101000020E61000002023A0C211C158C0F8669B1BD3493340
D+,0101000020E6100000A4F0A0D975C058C08E4B1C79204C3340
D+,0101000020E6100000645721E527C058C08E4B1C79204C3340
D+,0101000020E6100000675721E527C058C076D32D3BC4413340
D+,0101000020E6100000665721E527C058C099F221A81A353340
D+,0101000020E61000002BBEA1F0D9BF58C0DC787764AC483340
D+,0101000020E610000029BEA1F0D9BF58C099F221A81A353340
D+,0101000020E6100000EA2422FC8BBF58C045D95BCAF94A3340
D+,0101000020E6100000EC2422FC8BBF58C02AA6D24F38453340
D+,0101000020E6100000EA2422FC8BBF58C0DE3312A111443340
D+,0101000020E6100000E92422FC8BBF58C0480A2C80293D3340
D+,0101000020E6100000EE2422FC8BBF58C02F1C08C9023C3340
D+,0101000020E6100000EA2422FC8BBF58C0E0A9471ADC3A3340
D+,0101000020E6100000E92422FC8BBF58C09437876BB5393340
D+,0101000020E6100000EB2422FC8BBF58C07A4963B48E383340
D+,0101000020E6100000EA2422FC8BBF58C02ED7A20568373340
D+,0101000020E6100000EB2422FC8BBF58C0E264E25641363340
D+,0101000020E6100000AC8BA2073EBF58C08E4B1C79204C3340
D+,0101000020E6100000AE8BA2073EBF58C044D95BCAF94A3340
D+,0101000020E6100000F9BF232A54BE58C025309DD66D4E3340
D+,0101000020E6100000BC26A43506BE58C025309DD66D4E3340
D+,0101000020E6100000BC26A43506BE58C07C4963B48E383340
D+,0101000020E6100000BA26A43506BE58C02ED7A20568373340
D+,0101000020E61000007C8D2441B8BD58C0D70242EBE1513340
D+,0101000020E61000007D8D2441B8BD58C08D90813CBB503340
D+,0101000020E61000007C8D2441B8BD58C0421EC18D944F3340
D,0101000020E6100000202922C32AD558C0D90242EBE1513340
D,0101000020E6100000E18FA2CEDCD458C03CA88B14CA583340
D,0101000020E610000098D53BDC8ED458C0891A4CC3F0593340
D+,0101000020E6100000D4E8D500A5D358C0F17A30293E5C3340
D,0101000020E610000030535A7F4BD058C0DD3312A111443340
E,0101000020E6100000F6B9DA8AFDCF58C0DD787764AC483340
E,0101000020E6100000B8205B96AFCF58C0DB787764AC483340
E,0101000020E6100000FE54DCB8C5CE58C094C151F2EA423340
D,0101000020E61000000BF0DDE68DCD58C02FD7A20568373340
D,0101000020E61000008EBDDEFDF1CC58C07B4963B48E383340
D,0101000020E610000052245F09A4CC58C09337876BB5393340
E,0101000020E61000009858E02BBACB58C0E1A9471ADC3A3340
D+,0101000020E6100000128255F5F2D358C0D58C0C72175B3340
D+,0101000020E6100000984F560C57D358C03CEDF0D7645D3340
D+,0101000020E610000024B8585183D158C03F6326512F543340
D+,0101000020E6100000E91ED95C35D158C0406326512F543340
E,0101000020E61000005CBF60376CCB58C02FD7A20568373340
E,0101000020E61000005BBF60376CCB58C098F221A81A353340
D+,0101000020E6100000AA855968E7D058C0406326512F543340
D+,0101000020E6100000A8855968E7D058C0F4F065A208533340
D+,0101000020E6100000AC855968E7D058C0401EC18D944F3340
D+,0101000020E6100000AB855968E7D058C025309DD66D4E3340
D+,0101000020E610000070ECD97399D058C0406326512F543340
D+,0101000020E61000006EECD97399D058C0421EC18D944F3340
D+,0101000020E610000070ECD97399D058C024309DD66D4E3340
D+,0101000020E61000002E535A7F4BD058C08C90813CBB503340
D+,0101000020E6100000F4B9DA8AFDCF58C0F17A30293E5C3340
D+,0101000020E6100000F4B9DA8AFDCF58C0406326512F543340
D+,0101000020E6100000F7B9DA8AFDCF58C0D90242EBE1513340
D+,0101000020E6100000F6B9DA8AFDCF58C025309DD66D4E3340
D+,0101000020E6100000B8205B96AFCF58C0865FB1868B5E3340
D+,0101000020E6100000B7205B96AFCF58C03F6326512F543340
D+,0101000020E61000007987DBA161CF58C01D4432E4D8603340
D+,0101000020E61000007B87DBA161CF58C0875FB1868B5E3340
D+,0101000020E61000007987DBA161CF58C0D38C0C72175B3340
D+,0101000020E61000003CEE5BAD13CF58C0D48C0C72175B3340
D+,0101000020E6100000BDBB5CC477CE58C03932569BFF613340
D+,0101000020E6100000BFBB5CC477CE58C0D4D17135B25F3340
D+,0101000020E6100000BEBB5CC477CE58C09006B7B585473340
E,0101000020E61000001E26E1421ECB58C02FD7A20568373340
E,0101000020E61000001E26E1421ECB58C099F221A81A353340
D+,0101000020E610000009F0DDE68DCD58C0204432E4D8603340
D+,0101000020E6100000128BDF1456CC58C0EC04FBAF73653340
D+,0101000020E61000009758E02BBACB58C0794276DEC67E3340
D+,0101000020E6100000E08C614ED0CA58C08CD5E6FF55553340
D+,0101000020E6100000665A626534CA58C0F4F065A208533340
D+,0101000020E6100000675A626534CA58C02AA6D24F38453340
D+,0101000020E6100000EC27637C98C958C0DC2C25CB498A3340
D+,0101000020E610000072F56393FCC858C02A9FE579708B3340
D+,0101000020E610000070F56393FCC858C0DF2C25CB498A3340
D+,0101000020E6100000365CE49EAEC858C07611A628978C3340
D+,0101000020E6100000345CE49EAEC858C09A616A4B1D723340
D,0101000020E6100000DE8C614ED0CA58C0536CCCEB88213340
D+,0101000020E6100000F8C264AA60C858C029E44A3D0B903340
D+,0101000020E6100000F6C264AA60C858C0E8D32AFA43733340
D+,0101000020E61000007B9065C1C4C758C07FB8AB5791753340
D+,0101000020E61000007A9065C1C4C758C0E8D32AFA43733340
D+,0101000020E61000007B9065C1C4C758C083734694F6703340
D+,0101000020E61000007C9065C1C4C758C0360186E5CF6F3340
D+,0101000020E61000007C9065C1C4C758C086A4164A26633340
D+,0101000020E61000007C9065C1C4C758C0987CEC2E503E3340
D+,0101000020E61000003DF7E5CC76C758C03446EBA86A743340
D+,0101000020E61000003EF7E5CC76C758C09A616A4B1D723340
D+,0101000020E61000003EF7E5CC76C758C083734694F6703340
D+,0101000020E61000003EF7E5CC76C758C01F4432E4D8603340
D+,0101000020E61000003EF7E5CC76C758C0490A2C80293D3340
D+,0101000020E61000003EF7E5CC76C758C02E1C08C9023C3340
D+,0101000020E6100000025E66D828C758C023BA675DA3573340
D+,0101000020E6100000015E66D828C758C0D547A7AE7C563340
D+,0101000020E6100000C6C4E6E3DAC658C031D0B52FA07D3340
D+,0101000020E6100000C3C4E6E3DAC658C0E35DF580797C3340
D+,0101000020E6100000C3C4E6E3DAC658C03446EBA86A743340
D+,0101000020E6100000852B67EF8CC658C03446EBA86A743340
E,0101000020E6100000A1F3E15982CA58C0E2A9471ADC3A3340
D,0101000020E6100000A4F3E15982CA58C0E364E25641363340
D+,0101000020E6100000892B67EF8CC658C08DD5E6FF55553340
D+,0101000020E61000004992E7FA3EC658C0D216D7F84C643340
D+,0101000020E61000004892E7FA3EC658C086A4164A26633340
D+,0101000020E61000004992E7FA3EC658C03932569BFF613340
D+,0101000020E61000004C92E7FA3EC658C08CD5E6FF55553340
D+,0101000020E61000004992E7FA3EC658C02E1C08C9023C3340
D+,0101000020E61000000BF96706F1C558C08BD5E6FF55553340
D+,0101000020E6100000D15FE811A3C558C0E1A25A4414813340
D+,0101000020E6100000CF5FE811A3C558C0C6B4368DED7F3340
D+,0101000020E6100000D05FE811A3C558C031D0B52FA07D3340
D+,0101000020E610000092C6681D55C558C0E0EEACDD763F3340
D+,0101000020E610000092C6681D55C558C0957CEC2E503E3340
D+,0101000020E6100000542DE92807C558C02FD0B52FA07D3340
D+,0101000020E6100000522DE92807C558C03F6326512F543340
D+,0101000020E6100000542DE92807C558C0E0EEACDD763F3340
D+,0101000020E610000015946934B9C458C0E35DF580797C3340
D+,0101000020E610000017946934B9C458C099EB34D2527B3340
D+,0101000020E610000018946934B9C458C07CFD101B2C7A3340
D+,0101000020E610000013946934B9C458C0E51890BDDE773340
D+,0101000020E610000017946934B9C458C0E2EEACDD763F3340
D+,0101000020E6100000D7FAE93F6BC458C0E35DF580797C3340
D+,0101000020E6100000D9FAE93F6BC458C098EB34D2527B3340
D+,0101000020E6100000DAFAE93F6BC458C07BFD101B2C7A3340
D+,0101000020E6100000D8FAE93F6BC458C0F5F065A208533340
D+,0101000020E61000009B616A4B1DC458C044D95BCAF94A3340
D+,0101000020E6100000665A626534CA58C0E1A9471ADC3A3340
D+,0101000020E61000005CC8EA56CFC358C0832EE1D05B6C3340
D+,0101000020E61000005FC8EA56CFC358C08BD5E6FF55553340
D+,0101000020E61000005CC8EA56CFC358C08B90813CBB503340
D,0101000020E6100000685A626534CA58C0E364E25641363340
D+,0101000020E6100000222F6B6281C358C0CDA0A17F826D3340
D+,0101000020E6100000212F6B6281C358C0D4D17135B25F3340
D+,0101000020E6100000E295EB6D33C358C086A4164A26633340
D+,0101000020E6100000E595EB6D33C358C0D4D17135B25F3340
D+,0101000020E6100000E395EB6D33C358C0406326512F543340
D+,0101000020E6100000A8FC6B79E5C258C0871A4CC3F0593340
D+,0101000020E6100000A7FC6B79E5C258C08DD5E6FF55553340
D+,0101000020E61000006963EC8497C258C03A32569BFF613340
D+,0101000020E61000006C63EC8497C258C08BD5E6FF55553340
D+,0101000020E61000002BCA6C9049C258C0875FB1868B5E3340
D,0101000020E610000026C1E270E6C958C0784963B48E383340
D,0101000020E610000028C1E270E6C958C030D7A20568373340
D,0101000020E610000027C1E270E6C958C0E51F7D93A6313340
D+,0101000020E6100000A57686A9ADC158C023BA675DA3573340
D+,0101000020E6100000A67686A9ADC158C0D647A7AE7C563340
D+,0101000020E61000005DBC1FB75FC158C0D4D17135B25F3340
D+,0101000020E61000005BBC1FB75FC158C0865FB1868B5E3340
D+,0101000020E61000005CBC1FB75FC158C0DABDDC27474D3340
D+,0101000020E61000001E23A0C211C158C03CA88B14CA583340
D+,0101000020E61000002023A0C211C158C077D32D3BC4413340
D+,0101000020E61000001E23A0C211C158C02B616D8C9D403340
D+,0101000020E6100000E18920CEC3C058C03CA88B14CA583340
D+,0101000020E6100000E18920CEC3C058C08E4B1C79204C3340
D+,0101000020E6100000A6F0A0D975C058C043D95BCAF94A3340
D+,0101000020E6100000A7F0A0D975C058C094C151F2EA423340
D+,0101000020E6100000A4F0A0D975C058C076D32D3BC4413340
D+,0101000020E6100000A5F0A0D975C058C02B616D8C9D403340
D+,0101000020E6100000695721E527C058C0DD787764AC483340
D+,0101000020E6100000665721E527C058C093C151F2EA423340
D+,0101000020E6100000665721E527C058C0957CEC2E503E3340
E,0101000020E6100000AF8EE3874AC958C0E2A9471ADC3A3340
D+,0101000020E610000026BEA1F0D9BF58C0F07A30293E5C3340
D+,0101000020E610000028BEA1F0D9BF58C0480A2C80293D3340
D+,0101000020E61000002BBEA1F0D9BF58C02F1C08C9023C3340
D,0101000020E610000071F56393FCC858C0E464E25641363340
D,0101000020E6100000345CE49EAEC858C0480A2C80293D3340
E,0101000020E6100000F8C264AA60C858C0C33E011423893340
E,0101000020E6100000F7C264AA60C858C09AF221A81A353340
E,0101000020E6100000B629E5B512C858C0DBB6EF517F933340
D,0101000020E6100000B729E5B512C858C0937CEC2E503E3340
E,0101000020E6100000BD29E5B512C858C09BF221A81A353340
E,0101000020E6100000B929E5B512C858C04C8061F9F3333340
E,0101000020E61000007B9065C1C4C758C0DCB6EF517F933340
E,0101000020E61000007A9065C1C4C758C0DC718A8EE48E3340
E,0101000020E61000003EF7E5CC76C758C0DC718A8EE48E3340
E,0101000020E6100000015E66D828C758C04694F6065F463340
D,0101000020E6100000C4C4E6E3DAC658C0E2A9471ADC3A3340
D+,0101000020E61000004A92E7FA3EC658C021BA675DA3573340
E,0101000020E6100000CF5FE811A3C558C0DD3312A111443340
E,0101000020E6100000D15FE811A3C558C0E2A9471ADC3A3340
E,0101000020E6100000CF5FE811A3C558C07C4963B48E383340
E,0101000020E610000092C6681D55C558C0E1A9471ADC3A3340
E,0101000020E610000094C6681D55C558C07B4963B48E383340
D,0101000020E6100000542DE92807C558C094C151F2EA423340
D,0101000020E610000013946934B9C458C093C151F2EA423340
E,0101000020E610000014946934B9C458C0E4DA17D00B2D3340
E,0101000020E610000018946934B9C458C09C685721E52B3340
D+,0101000020E6100000D9FAE93F6BC458C094C151F2EA423340
D,0101000020E6100000D9FAE93F6BC458C0E1EEACDD763F3340
E,0101000020E61000009A616A4B1DC458C093C151F2EA423340
E,0101000020E61000005EC8EA56CFC358C0875FB1868B5E3340
E,0101000020E61000005DC8EA56CFC358C093C151F2EA423340
D,0101000020E6100000222F6B6281C358C076D32D3BC4413340
D,0101000020E61000006C63EC8497C258C03CEDF0D7645D3340
D,0101000020E61000006A63EC8497C258C02B616D8C9D403340
E,0101000020E61000006C63EC8497C258C09C685721E52B3340
E,0101000020E61000002CCA6C9049C258C04594F6065F463340
D,0101000020E61000002CCA6C9049C258C076D32D3BC4413340
E,0101000020E61000002CCA6C9049C258C0E4DA17D00B2D3340
E,0101000020E6100000F130ED9BFBC158C0D90242EBE1513340
E,0101000020E6100000EE30ED9BFBC158C08B90813CBB503340
E,0101000020E6100000EF30ED9BFBC158C04594F6065F463340
D,0101000020E6100000EE30ED9BFBC158C076D32D3BC4413340
E,0101000020E6100000F030ED9BFBC158C0480A2C80293D3340
E,0101000020E6100000ED30ED9BFBC158C0E4DA17D00B2D3340
E,0101000020E6100000EE30ED9BFBC158C09C685721E52B3340
E,0101000020E6100000A67686A9ADC158C0D80242EBE1513340
E,0101000020E6100000A77686A9ADC158C0DC787764AC483340
D,0101000020E6100000A67686A9ADC158C0E03312A111443340
E,0101000020E61000005CBC1FB75FC158C0D70242EBE1513340
D,0101000020E61000005ABC1FB75FC158C02AA6D24F38453340
D,0101000020E61000005CBC1FB75FC158C0947CEC2E503E3340
E,0101000020E61000002123A0C211C158C0D80242EBE1513340
D,0101000020E61000002023A0C211C158C02AA6D24F38453340
E,0101000020E6100000E18920CEC3C058C0406326512F543340
D,0101000020E6100000E28920CEC3C058C0480A2C80293D3340
D,0101000020E6100000A6F0A0D975C058C0957CEC2E503E3340
D,0101000020E6100000A7F0A0D975C058C07B4963B48E383340
D,0101000020E6100000665721E527C058C02A616D8C9D403340
E,0101000020E6100000655721E527C058C051F69672BE2A3340
D,0101000020E61000002BBEA1F0D9BF58C094C151F2EA423340
D,0101000020E61000002BBEA1F0D9BF58C077D32D3BC4413340
E,0101000020E61000002BBEA1F0D9BF58C09C685721E52B3340
D,0101000020E6100000EC2422FC8BBF58C094C151F2EA423340
D,0101000020E6100000ED2422FC8BBF58C0E41F7D93A6313340
E,0101000020E6100000EA2422FC8BBF58C0E6DA17D00B2D3340
E,0101000020E6100000B08BA2073EBF58C08CD5E6FF55553340
E,0101000020E6100000AC8BA2073EBF58C0F4F065A208533340
E,0101000020E6100000AD8BA2073EBF58C0E4DA17D00B2D3340
E,0101000020E610000074F22213F0BE58C08CD5E6FF55553340
E,0101000020E610000071F22213F0BE58C0F4F065A208533340
D,0101000020E6100000B826A43506BE58C0F4F065A208533340
D,0101000020E6100000BC26A43506BE58C0E364E25641363340
D+,0101000020E6100000DE8C614ED0CA58C0E35DF580797C3340
D+,0101000020E6100000A4F3E15982CA58C031D0B52FA07D3340
D+,0101000020E6100000A2F3E15982CA58C097EB34D2527B3340
D+,0101000020E6100000655A626534CA58C0E35DF580797C3340
D+,0101000020E6100000355CE49EAEC858C0CEA0A17F826D3340
D+,0101000020E6100000552DE92807C558C0D4D17135B25F3340
D+,0101000020E61000009C616A4B1DC458C024309DD66D4E3340
D+,0101000020E6100000EF30ED9BFBC158C0D9BDDC27474D3340
D+,0101000020E6100000A67686A9ADC158C0DBBDDC27474D3340
D+,0101000020E61000005CBC1FB75FC158C045D95BCAF94A3340
D+,0101000020E6100000E38920CEC3C058C0DD787764AC483340
D+,0101000020E610000029BEA1F0D9BF58C043D95BCAF94A3340
D+,0101000020E6100000F7BF232A54BE58C02FD7A20568373340
D+,0101000020E6100000F5B9DA8AFDCF58C03AEDF0D7645D3340
D+,0101000020E6100000BEBB5CC477CE58C0881A4CC3F0593340
D+,0101000020E61000008422DDCF29CE58C0D9BDDC27474D3340
D+,0101000020E61000008222DDCF29CE58C08E4B1C79204C3340
D+,0101000020E61000008422DDCF29CE58C044D95BCAF94A3340
D+,0101000020E6100000CB565EF23FCD58C0308B506C05793340
D+,0101000020E6100000CC565EF23FCD58C0D116D7F84C643340
D+,0101000020E61000008EBDDEFDF1CC58C085E97B0DC1673340
D+,0101000020E61000008FBDDEFDF1CC58C03877BB5E9A663340
D+,0101000020E61000008EBDDEFDF1CC58C0D216D7F84C643340
D+,0101000020E61000004F245F09A4CC58C03977BB5E9A663340
D+,0101000020E610000052245F09A4CC58C0EC04FBAF73653340
D+,0101000020E610000054245F09A4CC58C0D416D7F84C643340
D+,0101000020E61000001E26E1421ECB58C0D9BDDC27474D3340
D+,0101000020E6100000685A626534CA58C02D5A80B6D5863340
D+,0101000020E610000026C1E270E6C958C0C92A6C06B8763340
D+,0101000020E6100000365CE49EAEC858C0DC718A8EE48E3340
D+,0101000020E6100000355CE49EAEC858C091FFC9DFBD8D3340
D+,0101000020E6100000335CE49EAEC858C0318B506C05793340
D+,0101000020E6100000345CE49EAEC858C0E61890BDDE773340
D+,0101000020E6100000025E66D828C758C098EB34D2527B3340
D+,0101000020E6100000015E66D828C758C0EE04FBAF73653340
D+,0101000020E6100000C1C4E6E3DAC658C03CA88B14CA583340
D+,0101000020E6100000C6C4E6E3DAC658C023BA675DA3573340
D+,0101000020E6100000C5C4E6E3DAC658C08CD5E6FF55553340
D+,0101000020E6100000852B67EF8CC658C0360186E5CF6F3340
D+,0101000020E6100000D05FE811A3C558C02D151BF33A823340
D+,0101000020E6100000D25FE811A3C558C083734694F6703340
D+,0101000020E610000092C6681D55C558C02FD0B52FA07D3340
D+,0101000020E6100000552DE92807C558C0C6B4368DED7F3340
D+,0101000020E6100000512DE92807C558C07A4276DEC67E3340
D+,0101000020E6100000512DE92807C558C0D547A7AE7C563340
D+,0101000020E610000017946934B9C458C01E4432E4D8603340
D+,0101000020E610000018946934B9C458C0D4D17135B25F3340
D+,0101000020E610000018946934B9C458C0885FB1868B5E3340
D+,0101000020E6100000D9FAE93F6BC458C0D4D17135B25F3340
D+,0101000020E61000009C616A4B1DC458C01F4432E4D8603340
D+,0101000020E61000009B616A4B1DC458C0D647A7AE7C563340
D+,0101000020E6100000E595EB6D33C358C0FA669B1BD3493340
D+,0101000020E61000002CCA6C9049C258C086A4164A26633340
D+,0101000020E61000002DCA6C9049C258C0881A4CC3F0593340
D+,0101000020E61000002CCA6C9049C258C03CA88B14CA583340
D+,0101000020E6100000F130ED9BFBC158C023BA675DA3573340
D+,0101000020E6100000EF30ED9BFBC158C08E4B1C79204C3340
D+,0101000020E61000005ABC1FB75FC158C08D4B1C79204C3340
D+,0101000020E61000002223A0C211C158C0865FB1868B5E3340
D+,0101000020E61000001D23A0C211C158C08F4B1C79204C3340
D+,0101000020E61000001C23A0C211C158C044D95BCAF94A3340
D+,0101000020E6100000E38920CEC3C058C0875FB1868B5E3340
D+,0101000020E6100000E18920CEC3C058C0881A4CC3F0593340
D+,0101000020E6100000E48920CEC3C058C0FA669B1BD3493340
D+,0101000020E6100000685721E527C058C03AEDF0D7645D3340
D+,0101000020E6100000665721E527C058C044D95BCAF94A3340
D+,0101000020E6100000685721E527C058C0FA669B1BD3493340
D+,0101000020E6100000665721E527C058C09006B7B585473340
D+,0101000020E6100000655721E527C058C04394F6065F463340
D+,0101000020E6100000685721E527C058C02BA6D24F38453340
D+,0101000020E61000002BBEA1F0D9BF58C0F8669B1BD3493340
D+,0101000020E610000029BEA1F0D9BF58C04494F6065F463340
D+,0101000020E61000002CBEA1F0D9BF58C02BA6D24F38453340
D,0101000020E6100000D6F4A0A014D658C0411EC18D944F3340
D,0101000020E6100000985B21ACC6D558C08C90813CBB503340
D,0101000020E6100000965B21ACC6D558C03F1EC18D944F3340
D,0101000020E61000009A5B21ACC6D558C023309DD66D4E3340
D,0101000020E6100000965B21ACC6D558C0DABDDC27474D3340
D,0101000020E61000005EC2A1B778D558C0D80242EBE1513340
D,0101000020E61000005CC2A1B778D558C08D90813CBB503340
D,0101000020E61000005EC2A1B778D558C0421EC18D944F3340
D,0101000020E61000005DC2A1B778D558C024309DD66D4E3340
D,0101000020E61000001A2922C32AD558C08B90813CBB503340
D,0101000020E61000001E2922C32AD558C0411EC18D944F3340
D,0101000020E6100000E28FA2CEDCD458C0881A4CC3F0593340
D,0101000020E6100000E38FA2CEDCD458C0D90242EBE1513340
D,0101000020E6100000E08FA2CEDCD458C08B90813CBB503340
D,0101000020E610000097D53BDC8ED458C0D28C0C72175B3340
D,0101000020E610000099D53BDC8ED458C03CA88B14CA583340
D,0101000020E610000097D53BDC8ED458C0F5F065A208533340
D,0101000020E610000099D53BDC8ED458C0D80242EBE1513340
D,0101000020E61000004D1BD5E940D458C0D38C0C72175B3340
D,0101000020E61000004C1BD5E940D458C0881A4CC3F0593340
D,0101000020E61000004D1BD5E940D458C03EA88B14CA583340
D,0101000020E61000004C1BD5E940D458C03F6326512F543340
D,0101000020E61000004D1BD5E940D458C0F6F065A208533340
D,0101000020E6100000128255F5F2D358C023BA675DA3573340
D,0101000020E61000000F8255F5F2D358C0D447A7AE7C563340
D,0101000020E6100000994F560C57D358C01E4432E4D8603340
D,0101000020E610000026B8585183D158C0F5F065A208533340
D,0101000020E610000026B8585183D158C0D9BDDC27474D3340
D,0101000020E61000006EECD97399D058C0F8669B1BD3493340
D,0101000020E61000002F535A7F4BD058C0904B1C79204C3340
D,0101000020E610000030535A7F4BD058C044D95BCAF94A3340
D,0101000020E61000008FBDDEFDF1CC58C02FD7A20568373340
D,0101000020E61000009A58E02BBACB58C02F1C08C9023C3340
D,0101000020E61000005DBF60376CCB58C02E1C08C9023C3340
D,0101000020E61000005BBF60376CCB58C0A1DE8C9AAF223340
D,0101000020E610000059BF60376CCB58C0536CCCEB88213340
D,0101000020E61000005CBF60376CCB58C0397EA83462203340
D,0101000020E61000002026E1421ECB58C0D80242EBE1513340
D,0101000020E61000001E26E1421ECB58C08D90813CBB503340
D,0101000020E61000001D26E1421ECB58C0480A2C80293D3340
D,0101000020E61000001F26E1421ECB58C02D1C08C9023C3340
D,0101000020E61000001D26E1421ECB58C0EA504D49D6233340
D,0101000020E61000001E26E1421ECB58C0A0DE8C9AAF223340
D,0101000020E61000001D26E1421ECB58C0536CCCEB88213340
D,0101000020E61000001E26E1421ECB58C0397EA83462203340
D,0101000020E6100000E08C614ED0CA58C0EB504D49D6233340
D,0101000020E6100000DF8C614ED0CA58C0A1DE8C9AAF223340
D,0101000020E610000026C1E270E6C958C0E364E25641363340
D,0101000020E6100000EB27637C98C958C09237876BB5393340
D,0101000020E6100000E927637C98C958C09AF221A81A353340
D,0101000020E6100000EC27637C98C958C04B8061F9F3333340
D,0101000020E6100000EE27637C98C958C032923D42CD323340
D,0101000020E6100000EB27637C98C958C0E31F7D93A6313340
D,0101000020E6100000355CE49EAEC858C0E464E25641363340
D,0101000020E6100000325CE49EAEC858C098F221A81A353340
D,0101000020E6100000355CE49EAEC858C031923D42CD323340
D,0101000020E6100000F8C264AA60C858C0E264E25641363340
D,0101000020E6100000F7C264AA60C858C04C8061F9F3333340
D,0101000020E6100000F8C264AA60C858C032923D42CD323340
D,0101000020E6100000BB29E5B512C858C033923D42CD323340
D,0101000020E61000007B9065C1C4C758C04C8061F9F3333340
D,0101000020E61000007C9065C1C4C758C031923D42CD323340
D,0101000020E61000007C9065C1C4C758C0E41F7D93A6313340
D,0101000020E61000007B9065C1C4C758C099ADBCE47F303340
D,0101000020E61000003FF7E5CC76C758C031923D42CD323340
D,0101000020E6100000025E66D828C758C032923D42CD323340
D,0101000020E6100000C2C4E6E3DAC658C031923D42CD323340
D,0101000020E6100000882B67EF8CC658C04C8061F9F3333340
D,0101000020E6100000862B67EF8CC658C032923D42CD323340
D,0101000020E61000004992E7FA3EC658C09337876BB5393340
D,0101000020E61000004A92E7FA3EC658C09AF221A81A353340
D,0101000020E61000004A92E7FA3EC658C033923D42CD323340
D,0101000020E61000004892E7FA3EC658C0E51F7D93A6313340
D,0101000020E61000000DF96706F1C558C0E41F7D93A6313340
D,0101000020E6100000CE5FE811A3C558C0D9BDDC27474D3340
D,0101000020E6100000CE5FE811A3C558C093C151F2EA423340
D,0101000020E6100000D05FE811A3C558C076D32D3BC4413340
D,0101000020E6100000CE5FE811A3C558C0E41F7D93A6313340
D,0101000020E6100000CD5FE811A3C558C099ADBCE47F303340
D,0101000020E610000092C6681D55C558C076D32D3BC4413340
D,0101000020E610000093C6681D55C558C099ADBCE47F303340
D,0101000020E6100000552DE92807C558C04C8061F9F3333340
D,0101000020E6100000532DE92807C558C099ADBCE47F303340
D,0101000020E610000017946934B9C458C09AF221A81A353340
D,0101000020E610000014946934B9C458C099ADBCE47F303340
D,0101000020E610000016946934B9C458C07CBF982D592F3340
D,0101000020E6100000DAFAE93F6BC458C0E464E25641363340
D,0101000020E6100000D9FAE93F6BC458C098F221A81A353340
D,0101000020E6100000D9FAE93F6BC458C07DBF982D592F3340
D,0101000020E61000009A616A4B1DC458C02A616D8C9D403340
D,0101000020E61000009C616A4B1DC458C0E364E25641363340
D,0101000020E61000009C616A4B1DC458C07EBF982D592F3340
D,0101000020E61000005EC8EA56CFC358C076D32D3BC4413340
D,0101000020E610000060C8EA56CFC358C0E2EEACDD763F3340
D,0101000020E610000060C8EA56CFC358C07EBF982D592F3340
D,0101000020E6100000212F6B6281C358C0E1EEACDD763F3340
D,0101000020E6100000212F6B6281C358C0957CEC2E503E3340
D,0101000020E6100000202F6B6281C358C0480A2C80293D3340
D,0101000020E6100000212F6B6281C358C0E464E25641363340
D,0101000020E6100000E195EB6D33C358C09A616A4B1D723340
D,0101000020E6100000E595EB6D33C358C076D32D3BC4413340
D,0101000020E6100000E095EB6D33C358C02A616D8C9D403340
D,0101000020E6100000E395EB6D33C358C02FD7A20568373340
D,0101000020E6100000E495EB6D33C358C0E364E25641363340
D,0101000020E6100000E495EB6D33C358C09AF221A81A353340
D,0101000020E6100000E495EB6D33C358C04C8061F9F3333340
D,0101000020E6100000E295EB6D33C358C099ADBCE47F303340
D,0101000020E6100000AAFC6B79E5C258C077D32D3BC4413340
D,0101000020E6100000A8FC6B79E5C258C02C616D8C9D403340
D,0101000020E6100000A7FC6B79E5C258C09AF221A81A353340
D,0101000020E61000006963EC8497C258C0F07A30293E5C3340
D,0101000020E61000006B63EC8497C258C04C8061F9F3333340
D,0101000020E61000002DCA6C9049C258C04C8061F9F3333340
D,0101000020E61000002ECA6C9049C258C031923D42CD323340
D,0101000020E61000002CCA6C9049C258C099ADBCE47F303340
D,0101000020E61000002FCA6C9049C258C07EBF982D592F3340
D,0101000020E6100000F030ED9BFBC158C0411EC18D944F3340
D,0101000020E6100000EF30ED9BFBC158C024309DD66D4E3340
D,0101000020E6100000EF30ED9BFBC158C031923D42CD323340
D,0101000020E6100000F130ED9BFBC158C07EBF982D592F3340
D,0101000020E6100000F030ED9BFBC158C0324DD87E322E3340
D,0101000020E6100000A77686A9ADC158C075D32D3BC4413340
D,0101000020E6100000A77686A9ADC158C031923D42CD323340
D,0101000020E6100000A57686A9ADC158C07EBF982D592F3340
D,0101000020E6100000A67686A9ADC158C0324DD87E322E3340
D,0101000020E61000005DBC1FB75FC158C033923D42CD323340
D,0101000020E61000005CBC1FB75FC158C0E41F7D93A6313340
D,0101000020E61000005ABC1FB75FC158C09AADBCE47F303340
D,0101000020E61000005CBC1FB75FC158C07BBF982D592F3340
D,0101000020E61000002023A0C211C158C032923D42CD323340
D,0101000020E61000001C23A0C211C158C0E21F7D93A6313340
D,0101000020E61000002023A0C211C158C07DBF982D592F3340
D,0101000020E6100000E28920CEC3C058C031923D42CD323340
D,0101000020E6100000E18920CEC3C058C0E41F7D93A6313340
D,0101000020E6100000E18920CEC3C058C099ADBCE47F303340
D,0101000020E6100000E48920CEC3C058C07EBF982D592F3340
D,0101000020E6100000E28920CEC3C058C0324DD87E322E3340
D,0101000020E6100000A7F0A0D975C058C04C8061F9F3333340
D,0101000020E6100000A8F0A0D975C058C032923D42CD323340
D,0101000020E6100000A4F0A0D975C058C0E41F7D93A6313340
D,0101000020E6100000A4F0A0D975C058C099ADBCE47F303340
D,0101000020E6100000A7F0A0D975C058C0334DD87E322E3340
D,0101000020E6100000A5F0A0D975C058C0E6DA17D00B2D3340
D,0101000020E6100000A5F0A0D975C058C09C685721E52B3340
D,0101000020E6100000675721E527C058C04C8061F9F3333340
D,0101000020E6100000675721E527C058C031923D42CD323340
D,0101000020E6100000645721E527C058C099ADBCE47F303340
D,0101000020E6100000685721E527C058C0324DD87E322E3340
D,0101000020E6100000655721E527C058C0E4DA17D00B2D3340
D,0101000020E6100000685721E527C058C09B685721E52B3340
D,0101000020E61000002ABEA1F0D9BF58C099ADBCE47F303340
D,0101000020E610000029BEA1F0D9BF58C07DBF982D592F3340
D,0101000020E61000002BBEA1F0D9BF58C0334DD87E322E3340
D,0101000020E61000002ABEA1F0D9BF58C0E4DA17D00B2D3340
D,0101000020E6100000E92422FC8BBF58C09AADBCE47F303340
D,0101000020E6100000EB2422FC8BBF58C07BBF982D592F3340
D,0101000020E6100000AF8BA2073EBF58C02FD7A20568373340
D,0101000020E610000073F22213F0BE58C02FD7A20568373340
D,0101000020E61000003359A31EA2BE58C02FD7A20568373340
D,0101000020E6100000F7BF232A54BE58C08CD5E6FF55553340
D,0101000020E6100000F7BF232A54BE58C0E364E25641363340
D,0101000020E61000007B8D2441B8BD58C0F6F065A208533340
D,0101000020E61000007C8D2441B8BD58C07A4963B48E383340
D,0101000020E610000040F4A44C6ABD58C09437876BB5393340
D,0101000020E6100000015B25581CBD58C09337876BB5393340
D,0101000020E6100000118255F5F2D358C0871A4CC3F0593340
D,0101000020E6100000D4E8D500A5D358C0881A4CC3F0593340
D,0101000020E6100000EA1ED95C35D158C025309DD66D4E3340
D,0101000020E6100000E81ED95C35D158C0D9BDDC27474D3340
D,0101000020E6100000A9855968E7D058C08B90813CBB503340
D,0101000020E6100000A8855968E7D058C08C4B1C79204C3340
D,0101000020E61000006EECD97399D058C0F6F065A208533340
D,0101000020E61000006EECD97399D058C0D70242EBE1513340
D,0101000020E61000006FECD97399D058C08D90813CBB503340
D,0101000020E6100000FD54DCB8C5CE58C01E4432E4D8603340
D,0101000020E610000047895DDBDBCD58C01E4432E4D8603340
D,0101000020E6100000CB565EF23FCD58C02ED7A20568373340
D,0101000020E610000028C1E270E6C958C07611A628978C3340
D,0101000020E6100000EB27637C98C958C0DC718A8EE48E3340
D,0101000020E6100000EA27637C98C958C091FFC9DFBD8D3340
D,0101000020E6100000EC27637C98C958C07511A628978C3340
D,0101000020E6100000B08EE3874AC958C029E44A3D0B903340
D,0101000020E6100000B08EE3874AC958C0DC718A8EE48E3340
D,0101000020E6100000AF8EE3874AC958C091FFC9DFBD8D3340
D,0101000020E6100000B08EE3874AC958C07611A628978C3340
D,0101000020E6100000B08EE3874AC958C031923D42CD323340
D,0101000020E610000072F56393FCC858C046D26EF431913340
D,0101000020E610000071F56393FCC858C029E44A3D0B903340
D,0101000020E610000072F56393FCC858C0DC718A8EE48E3340
D,0101000020E610000072F56393FCC858C079CC4065FC873340
D,0101000020E610000074F56393FCC858C032923D42CD323340
D,0101000020E6100000335CE49EAEC858C0DCB6EF517F933340
D,0101000020E6100000325CE49EAEC858C091442FA358923340
D,0101000020E6100000375CE49EAEC858C046D26EF431913340
D,0101000020E6100000355CE49EAEC858C0E1E7BF07AF853340
D,0101000020E6100000375CE49EAEC858C04C8061F9F3333340
D,0101000020E6100000F5C264AA60C858C08FFFC9DFBD8D3340
D,0101000020E6100000F7C264AA60C858C07611A628978C3340
D,0101000020E6100000F7C264AA60C858C02A9FE579708B3340
D,0101000020E6100000F7C264AA60C858C081734694F6703340
D,0101000020E6100000BA29E5B512C858C0DC718A8EE48E3340
D,0101000020E6100000B629E5B512C858C090FFC9DFBD8D3340
D,0101000020E6100000B829E5B512C858C07611A628978C3340
D,0101000020E6100000B829E5B512C858C09C616A4B1D723340
D,0101000020E61000004992E7FA3EC658C0F4F065A208533340
D,0101000020E610000092C6681D55C558C0E3A25A4414813340
D,0101000020E610000092C6681D55C558C0D9BDDC27474D3340
D,0101000020E6100000552DE92807C558C0E3A25A4414813340
D,0101000020E6100000512DE92807C558C0D9BDDC27474D3340
D,0101000020E610000016946934B9C458C030D0B52FA07D3340
D,0101000020E6100000DAFAE93F6BC458C0C6B4368DED7F3340
D,0101000020E6100000D9FAE93F6BC458C02FD0B52FA07D3340
D,0101000020E6100000D9FAE93F6BC458C0F8669B1BD3493340
D,0101000020E61000009C616A4B1DC458C076D32D3BC4413340
D,0101000020E61000005DC8EA56CFC358C02A616D8C9D403340
D,0101000020E6100000212F6B6281C358C03BEDF0D7645D3340
D,0101000020E6100000212F6B6281C358C0D80242EBE1513340
D,0101000020E6100000222F6B6281C358C0F8669B1BD3493340
D,0101000020E6100000E395EB6D33C358C0360186E5CF6F3340
D,0101000020E6100000E295EB6D33C358C0F4F065A208533340
D,0101000020E6100000E495EB6D33C358C0D90242EBE1513340
D,0101000020E6100000A7FC6B79E5C258C0F7F065A208533340
D,0101000020E6100000A7FC6B79E5C258C0D80242EBE1513340
D,0101000020E6100000A6FC6B79E5C258C08C90813CBB503340
D,0101000020E61000006963EC8497C258C0F5F065A208533340
D,0101000020E61000006963EC8497C258C08D90813CBB503340
D,0101000020E61000006B63EC8497C258C0421EC18D944F3340
D,0101000020E61000006A63EC8497C258C024309DD66D4E3340
D,0101000020E61000002DCA6C9049C258C0406326512F543340
D,0101000020E61000002CCA6C9049C258C0F4F065A208533340
D,0101000020E6100000EF30ED9BFBC158C08BD5E6FF55553340
D,0101000020E6100000A67686A9ADC158C03F6326512F543340
D,0101000020E61000005CBC1FB75FC158C03EA88B14CA583340
D,0101000020E61000002023A0C211C158C0D58C0C72175B3340
D,0101000020E61000001E23A0C211C158C0406326512F543340
D,0101000020E6100000A7F0A0D975C058C03DA88B14CA583340
D,0101000020E6100000A4F0A0D975C058C023BA675DA3573340
D,0101000020E6100000A4F0A0D975C058C0D547A7AE7C563340
D,0101000020E6100000665721E527C058C0881A4CC3F0593340
D,0101000020E6100000665721E527C058C03CA88B14CA583340
D,0101000020E6100000665721E527C058C0D547A7AE7C563340
D,0101000020E610000029BEA1F0D9BF58C0881A4CC3F0593340
D,0101000020E61000002ABEA1F0D9BF58C03DA88B14CA583340
D,0101000020E6100000EB2422FC8BBF58C0881A4CC3F0593340
D,0101000020E6100000EB2422FC8BBF58C03EA88B14CA583340
D,0101000020E6100000AD8BA2073EBF58C0881A4CC3F0593340
D,0101000020E6100000AE8BA2073EBF58C023BA675DA3573340
D,0101000020E61000003459A31EA2BE58C023BA675DA3573340
D,0101000020E61000003259A31EA2BE58C0D547A7AE7C563340
D,0101000020E6100000F4BF232A54BE58C0406326512F543340
D,0101000020E6100000BA26A43506BE58C0406326512F543340
D,0101000020E61000007B8D2441B8BD58C09537876BB5393340
D,0101000020E6100000F5B9DA8AFDCF58C0D4D17135B25F3340
D,0101000020E6100000DF8C614ED0CA58C07C4276DEC67E3340
D,0101000020E6100000A2F3E15982CA58C07C4276DEC67E3340
D,0101000020E6100000665A626534CA58C030D0B52FA07D3340
D,0101000020E6100000335CE49EAEC858C0E88EC536A96E3340
D,0101000020E61000004992E7FA3EC658C0885FB1868B5E3340
D,0101000020E6100000CF5FE811A3C558C0875FB1868B5E3340
D,0101000020E6100000E495EB6D33C358C031923D42CD323340
D,0101000020E6100000E395EB6D33C358C0E41F7D93A6313340
D,0101000020E6100000A6FC6B79E5C258C04B8061F9F3333340
D,0101000020E610000071F56393FCC858C0DFE7BF07AF853340
D,0101000020E6100000F8C264AA60C858C0CEA0A17F826D3340
D,0101000020E6100000B629E5B512C858C0E78EC536A96E3340
D,0101000020E6100000872B67EF8CC658C0885FB1868B5E3340
D,0101000020E6100000872B67EF8CC658C03AEDF0D7645D3340
D,0101000020E6100000872B67EF8CC658C0D48C0C72175B3340
D,0101000020E61000004892E7FA3EC658C03AEDF0D7645D3340
D,0101000020E6100000DAFAE93F6BC458C024309DD66D4E3340
D,0101000020E6100000F130ED9BFBC158C0F07A30293E5C3340
D,0101000020E6100000A57686A9ADC158C0F07A30293E5C3340
D,0101000020E6100000A57686A9ADC158C0D48C0C72175B3340
D,0101000020E61000005ABC1FB75FC158C03A32569BFF613340
D,0101000020E61000005CBC1FB75FC158C01D4432E4D8603340
D,0101000020E61000005DBC1FB75FC158C03CEDF0D7645D3340
D,0101000020E610000059BC1FB75FC158C0D38C0C72175B3340
D,0101000020E61000002023A0C211C158C01F4432E4D8603340
D,0101000020E6100000E28920CEC3C058C0D4D17135B25F3340
D,0101000020E6100000A5F0A0D975C058C03CEDF0D7645D3340
D,0101000020E6100000A5F0A0D975C058C0D58C0C72175B3340
D,0101000020E6100000A4F0A0D975C058C0881A4CC3F0593340
D+,0101000020E6100000B4205B96AFCF58C0F07A30293E5C3340
D+,0101000020E61000007787DBA161CF58C0F07A30293E5C3340
D,0101000020E61000003AEE5BAD13CF58C04594F6065F463340
D,0101000020E610000044895DDBDBCD58C07CFD101B2C7A3340
D,0101000020E6100000CC565EF23FCD58C07C4963B48E383340
D+,0101000020E610000052245F09A4CC58C0E8D32AFA43733340
D+,0101000020E6100000138BDF1456CC58C0E8D32AFA43733340
D,0101000020E6100000DF8C614ED0CA58C0D90242EBE1513340
D,0101000020E6100000A2F3E15982CA58C0406326512F543340
D+,0101000020E6100000665A626534CA58C0406326512F543340
D+,0101000020E6100000675A626534CA58C0411EC18D944F3340
D+,0101000020E6100000EB27637C98C958C0F7F065A208533340
D,0101000020E6100000B08EE3874AC958C04C8061F9F3333340
D,0101000020E6100000B08EE3874AC958C0E41F7D93A6313340
E,0101000020E6100000BA29E5B512C858C02A9FE579708B3340
D+,0101000020E61000003FF7E5CC76C758C0DD787764AC483340
D+,0101000020E6100000025E66D828C758C02AA6D24F38453340
D+,0101000020E6100000C4C4E6E3DAC658C02BA6D24F38453340
D+,0101000020E6100000872B67EF8CC658C02BA6D24F38453340
D,0101000020E61000004A92E7FA3EC658C0406326512F543340
D+,0101000020E61000004992E7FA3EC658C0DF3312A111443340
D,0101000020E61000000BF96706F1C558C0987CEC2E503E3340
D,0101000020E61000000CF96706F1C558C0480A2C80293D3340
D+,0101000020E6100000542DE92807C558C0E35DF580797C3340
D,0101000020E610000015946934B9C458C0957CEC2E503E3340
D+,0101000020E6100000D8FAE93F6BC458C0822EE1D05B6C3340
D+,0101000020E61000009C616A4B1DC458C0CEA0A17F826D3340
D+,0101000020E61000005EC8EA56CFC358C0CEA0A17F826D3340
D+,0101000020E6100000E495EB6D33C358C08BD5E6FF55553340
D,0101000020E6100000EE30ED9BFBC158C0D4D17135B25F3340
D,0101000020E61000005CBC1FB75FC158C08CD5E6FF55553340
D,0101000020E61000005CBC1FB75FC158C03F6326512F543340
D,0101000020E61000001E23A0C211C158C0EE7A30293E5C3340
E,0101000020E6100000E18920CEC3C058C0D547A7AE7C563340
E,0101000020E6100000A6F0A0D975C058C03F6326512F543340
D+,0101000020E6100000675721E527C058C0E2A9471ADC3A3340
E,0101000020E610000029BEA1F0D9BF58C0D447A7AE7C563340
E,0101000020E61000002BBEA1F0D9BF58C08CD5E6FF55553340
E,0101000020E6100000EB2422FC8BBF58C022BA675DA3573340
D,0101000020E610000030535A7F4BD058C0DABDDC27474D3340
D,0101000020E610000072F56393FCC858C04C8061F9F3333340
D,0101000020E6100000862B67EF8CC658C09B616A4B1D723340
D,0101000020E6100000822B67EF8CC658C0F4F065A208533340
D,0101000020E610000015946934B9C458C0D8BDDC27474D3340
D,0101000020E6100000222F6B6281C358C0F5F065A208533340
D,0101000020E610000073F22213F0BE58C023BA675DA3573340
E,0101000020E61000003359A31EA2BE58C08BD5E6FF55553340
E,0101000020E61000003259A31EA2BE58C03F6326512F543340
D,0101000020E610000028C1E270E6C958C02FD0B52FA07D3340
E,0101000020E61000000EF96706F1C558C01F4432E4D8603340
E,0101000020E610000092C6681D55C558C01E4432E4D8603340
D,0101000020E6100000E71ED95C35D158C08B90813CBB503340
D,0101000020E6100000D05FE811A3C558C03AEDF0D7645D3340
D,0101000020E61000006B63EC8497C258C023BA675DA3573340
D+,0101000020E61000008EBDDEFDF1CC58C0CA2A6C06B8763340
E,0101000020E6100000D7F15F2008CC58C02FD7A20568373340
E,0101000020E6100000D8F15F2008CC58C0E364E25641363340
E,0101000020E61000009958E02BBACB58C02FD7A20568373340
E,0101000020E61000009C58E02BBACB58C0E364E25641363340
D,0101000020E6100000685A626534CA58C0C6B4368DED7F3340
E,0101000020E6100000FD54DCB8C5CE58C0DE3312A111443340
E,0101000020E6100000F7C264AA60C858C02729B000A6943340
D,0101000020E6100000512DE92807C558C0350186E5CF6F3340
E,0101000020E61000002BCA6C9049C258C08B90813CBB503340
E,0101000020E610000026BEA1F0D9BF58C04FF69672BE2A3340
E,0101000020E6100000EB2422FC8BBF58C0330873BB97293340
D,0101000020E6100000C2C1A563CEBC58C09437876BB5393340
D+,0101000020E61000007987DBA161CF58C09206B7B585473340
D,0101000020E61000007887DBA161CF58C04494F6065F463340
D+,0101000020E61000003BEE5BAD13CF58C08F06B7B585473340
D,0101000020E61000003CEE5BAD13CF58C02BA6D24F38453340
D+,0101000020E6100000FE54DCB8C5CE58C0891A4CC3F0593340
D,0101000020E6100000BFBB5CC477CE58C02BA6D24F38453340
D+,0101000020E6100000CC565EF23FCD58C07CFD101B2C7A3340
D+,0101000020E6100000128BDF1456CC58C09A616A4B1D723340
D+,0101000020E61000001D26E1421ECB58C08F4B1C79204C3340
D+,0101000020E610000026C1E270E6C958C0E61890BDDE773340
D,0101000020E6100000F6C264AA60C858C0E0E7BF07AF853340
D,0101000020E6100000F6C264AA60C858C0350186E5CF6F3340
D+,0101000020E6100000B929E5B512C858C0D216D7F84C643340
D+,0101000020E6100000852B67EF8CC658C0D647A7AE7C563340
D+,0101000020E61000000DF96706F1C558C02E1C08C9023C3340
D+,0101000020E61000005EC8EA56CFC358C08E4B1C79204C3340
D,0101000020E6100000E495EB6D33C358C0875FB1868B5E3340
D+,0101000020E6100000A8FC6B79E5C258C044D95BCAF94A3340
D+,0101000020E61000002DCA6C9049C258C044D95BCAF94A3340
D,0101000020E61000001B1D5723BBD258C0D447A7AE7C563340
D+,0101000020E61000001C1D5723BBD258C0411EC18D944F3340
D+,0101000020E6100000DD83D72E6DD258C0D70242EBE1513340
D,0101000020E6100000DD83D72E6DD258C0D447A7AE7C563340
D+,0101000020E6100000DD83D72E6DD258C08D90813CBB503340
D+,0101000020E610000026B8585183D158C03DA88B14CA583340
D+,0101000020E6100000E81ED95C35D158C023BA675DA3573340
D+,0101000020E6100000A9855968E7D058C0871A4CC3F0593340
D,0101000020E6100000A9855968E7D058C044D95BCAF94A3340
D,0101000020E6100000F6B9DA8AFDCF58C044D95BCAF94A3340
E,0101000020E6100000F6B9DA8AFDCF58C09006B7B585473340
E,0101000020E6100000BDBB5CC477CE58C093C151F2EA423340
D+,0101000020E6100000BDBB5CC477CE58C09337876BB5393340
D+,0101000020E61000008422DDCF29CE58C07D4963B48E383340
D,0101000020E61000008422DDCF29CE58C0E364E25641363340
D+,0101000020E61000008FBDDEFDF1CC58C04694F6065F463340
D+,0101000020E61000008FBDDEFDF1CC58C076D32D3BC4413340
D+,0101000020E610000054245F09A4CC58C0E61890BDDE773340
D,0101000020E610000051245F09A4CC58C0E1A25A4414813340
D+,0101000020E61000004F245F09A4CC58C04594F6065F463340
D+,0101000020E610000052245F09A4CC58C076D32D3BC4413340
D+,0101000020E6100000D9F15F2008CC58C0DD3312A111443340
D+,0101000020E6100000D8F15F2008CC58C077D32D3BC4413340
D,0101000020E61000009658E02BBACB58C0470A2C80293D3340
E,0101000020E61000009858E02BBACB58C09AF221A81A353340
D,0101000020E61000009958E02BBACB58C0516CCCEB88213340
D+,0101000020E61000005BBF60376CCB58C094C151F2EA423340
E,0101000020E61000005CBF60376CCB58C0E564E25641363340
E,0101000020E61000001E26E1421ECB58C0E364E25641363340
E,0101000020E6100000A1F3E15982CA58C09337876BB5393340
D+,0101000020E6100000675A626534CA58C032923D42CD323340
D+,0101000020E6100000B18EE3874AC958C0E1EEACDD763F3340
E,0101000020E6100000F8C264AA60C858C0719B70AFCC953340
E,0101000020E6100000F6C264AA60C858C078CC4065FC873340
E,0101000020E6100000F8C264AA60C858C02E5A80B6D5863340
D+,0101000020E6100000F7C264AA60C858C0E0EEACDD763F3340
D,0101000020E6100000F6C264AA60C858C02FD7A20568373340
E,0101000020E6100000B629E5B512C858C08C899466F3963340
E,0101000020E6100000B929E5B512C858C0719B70AFCC953340
E,0101000020E6100000B729E5B512C858C02529B000A6943340
D,0101000020E6100000B729E5B512C858C02FD7A20568373340
E,0101000020E61000007C9065C1C4C758C02629B000A6943340
E,0101000020E61000007B9065C1C4C758C093442FA358923340
E,0101000020E61000007C9065C1C4C758C091FFC9DFBD8D3340
D,0101000020E61000003DF7E5CC76C758C0DCB6EF517F933340
E,0101000020E61000003EF7E5CC76C758C091FFC9DFBD8D3340
D+,0101000020E6100000015E66D828C758C02D151BF33A823340
D,0101000020E6100000025E66D828C758C02D1C08C9023C3340
E,0101000020E6100000C4C4E6E3DAC658C07C4276DEC67E3340
E,0101000020E6100000C4C4E6E3DAC658C09006B7B585473340
E,0101000020E6100000C1C4E6E3DAC658C04494F6065F463340
D,0101000020E6100000C4C4E6E3DAC658C02E1C08C9023C3340
E,0101000020E6100000872B67EF8CC658C0FA669B1BD3493340
E,0101000020E6100000872B67EF8CC658C0DD787764AC483340
E,0101000020E6100000852B67EF8CC658C09006B7B585473340
D,0101000020E6100000862B67EF8CC658C04594F6065F463340
D,0101000020E6100000882B67EF8CC658C0E1A9471ADC3A3340
D+,0101000020E61000000BF96706F1C558C0D647A7AE7C563340
D,0101000020E61000000EF96706F1C558C023BA675DA3573340
E,0101000020E61000000BF96706F1C558C09337876BB5393340
D,0101000020E61000000BF96706F1C558C07C4963B48E383340
D,0101000020E6100000D35FE811A3C558C023BA675DA3573340
E,0101000020E6100000CD5FE811A3C558C09337876BB5393340
E,0101000020E610000093C6681D55C558C09437876BB5393340
D,0101000020E61000009C616A4B1DC458C0875FB1868B5E3340
E,0101000020E61000005DC8EA56CFC358C0411EC18D944F3340
D,0101000020E6100000E195EB6D33C358C093C151F2EA423340
D,0101000020E6100000A7FC6B79E5C258C093C151F2EA423340
E,0101000020E61000002DCA6C9049C258C09C685721E52B3340
D,0101000020E6100000EF30ED9BFBC158C09006B7B585473340
D,0101000020E6100000A77686A9ADC158C023309DD66D4E3340
E,0101000020E6100000A67686A9ADC158C09106B7B585473340
E,0101000020E6100000A87686A9ADC158C04794F6065F463340
E,0101000020E6100000A67686A9ADC158C0967CEC2E503E3340
E,0101000020E6100000A57686A9ADC158C0490A2C80293D3340
E,0101000020E61000001C23A0C211C158C0F7F065A208533340
E,0101000020E6100000E18920CEC3C058C0F4F065A208533340
D+,0101000020E6100000645721E527C058C09337876BB5393340
E,0101000020E6100000EB2422FC8BBF58C08CD5E6FF55553340
E,0101000020E6100000EA2422FC8BBF58C03F6326512F543340
E,0101000020E6100000ED2422FC8BBF58C09C685721E52B3340
E,0101000020E6100000AD8BA2073EBF58C0406326512F543340
E,0101000020E6100000AE8BA2073EBF58C09B685721E52B3340
E,0101000020E6100000AD8BA2073EBF58C051F69672BE2A3340
E,0101000020E610000072F22213F0BE58C0406326512F543340
D,0101000020E61000003359A31EA2BE58C07A4963B48E383340
D,0101000020E6100000F6BF232A54BE58C0F4F065A208533340
D,0101000020E6100000B926A43506BE58C04C8061F9F3333340
D+,0101000020E6100000954F560C57D358C0F07A30293E5C3340
D+,0101000020E61000001C1D5723BBD258C0865FB1868B5E3340
D+,0101000020E6100000DD83D72E6DD258C03F6326512F543340
D+,0101000020E61000006251D845D1D158C0406326512F543340
D+,0101000020E610000026B8585183D158C08BD5E6FF55553340
D,0101000020E61000006EECD97399D058C08F4B1C79204C3340
D+,0101000020E610000030535A7F4BD058C023309DD66D4E3340
D+,0101000020E6100000F2B9DA8AFDCF58C08B90813CBB503340
D+,0101000020E61000007887DBA161CF58C0F6F065A208533340
D+,0101000020E61000007987DBA161CF58C043D95BCAF94A3340
D+,0101000020E61000003AEE5BAD13CF58C03832569BFF613340
D+,0101000020E61000003CEE5BAD13CF58C01E4432E4D8603340
D,0101000020E6100000FE54DCB8C5CE58C03932569BFF613340
D,0101000020E6100000FE54DCB8C5CE58C04494F6065F463340
D,0101000020E6100000FE54DCB8C5CE58C02AA6D24F38453340
D+,0101000020E6100000C1BB5CC477CE58C0875FB1868B5E3340
D+,0101000020E61000008522DDCF29CE58C0D4D17135B25F3340
D+,0101000020E610000044895DDBDBCD58C098EB34D2527B3340
D,0101000020E610000044895DDBDBCD58C03A32569BFF613340
D+,0101000020E610000045895DDBDBCD58C0D4D17135B25F3340
D,0101000020E61000000AF0DDE68DCD58C0318B506C05793340
D+,0101000020E610000008F0DDE68DCD58C03932569BFF613340
D+,0101000020E610000007F0DDE68DCD58C0D4D17135B25F3340
D+,0101000020E6100000CE565EF23FCD58C01F4432E4D8603340
D+,0101000020E6100000CE565EF23FCD58C0D3D17135B25F3340
D+,0101000020E610000090BDDEFDF1CC58C01E4432E4D8603340
D+,0101000020E61000008EBDDEFDF1CC58C0865FB1868B5E3340
D,0101000020E61000009958E02BBACB58C04694F6065F463340
D+,0101000020E61000001E26E1421ECB58C08AD5E6FF55553340
D,0101000020E61000001D26E1421ECB58C0F5F065A208533340
D+,0101000020E6100000A4F3E15982CA58C08CD5E6FF55553340
D+,0101000020E6100000655A626534CA58C0DE3312A111443340
D+,0101000020E610000026C1E270E6C958C0F5F065A208533340
D+,0101000020E6100000EC27637C98C958C02B9FE579708B3340
D+,0101000020E6100000EE27637C98C958C023309DD66D4E3340
D+,0101000020E6100000B08EE3874AC958C0299FE579708B3340
D+,0101000020E6100000AE8EE3874AC958C09A616A4B1D723340
D,0101000020E610000072F56393FCC858C0C23E011423893340
D+,0101000020E610000070F56393FCC858C09C616A4B1D723340
D+,0101000020E610000071F56393FCC858C081734694F6703340
D+,0101000020E6100000335CE49EAEC858C03446EBA86A743340
D,0101000020E6100000F7C264AA60C858C091442FA358923340
E,0101000020E6100000BD29E5B512C858C091442FA358923340
D,0101000020E6100000B729E5B512C858C0E6D32AFA43733340
E,0101000020E6100000BD29E5B512C858C0CEA0A17F826D3340
D,0101000020E61000007D9065C1C4C758C08CD5E6FF55553340
D+,0101000020E61000007B9065C1C4C758C0E2EEACDD763F3340
D+,0101000020E61000007C9065C1C4C758C0490A2C80293D3340
D+,0101000020E61000003DF7E5CC76C758C0360186E5CF6F3340
D+,0101000020E61000003DF7E5CC76C758C03932569BFF613340
D+,0101000020E61000003DF7E5CC76C758C0987CEC2E503E3340
D+,0101000020E6100000025E66D828C758C01E4432E4D8603340
D+,0101000020E6100000C3C4E6E3DAC658C07FB8AB5791753340
D+,0101000020E6100000C4C4E6E3DAC658C0D647A7AE7C563340
D+,0101000020E6100000C5C4E6E3DAC658C0D90242EBE1513340
D+,0101000020E6100000872B67EF8CC658C030D0B52FA07D3340
D+,0101000020E6100000872B67EF8CC658C082734694F6703340
D,0101000020E6100000852B67EF8CC658C0F07A30293E5C3340
D+,0101000020E6100000852B67EF8CC658C0406326512F543340
D+,0101000020E61000004892E7FA3EC658C07A4276DEC67E3340
D+,0101000020E61000004892E7FA3EC658C0470A2C80293D3340
D+,0101000020E61000000CF96706F1C558C0E1A25A4414813340
D+,0101000020E61000000BF96706F1C558C0D316D7F84C643340
D,0101000020E61000000BF96706F1C558C093C151F2EA423340
D+,0101000020E6100000CE5FE811A3C558C07B4276DEC67E3340
D+,0101000020E6100000CE5FE811A3C558C0318B506C05793340
D,0101000020E6100000CE5FE811A3C558C0987CEC2E503E3340
D,0101000020E610000094C6681D55C558C0C6B4368DED7F3340
D+,0101000020E610000091C6681D55C558C03EA88B14CA583340
D,0101000020E610000094C6681D55C558C024309DD66D4E3340
D+,0101000020E6100000532DE92807C558C0E61890BDDE773340
D,0101000020E6100000552DE92807C558C024309DD66D4E3340
D+,0101000020E610000015946934B9C458C0308B506C05793340
D,0101000020E610000017946934B9C458C0401EC18D944F3340
D+,0101000020E610000014946934B9C458C08C4B1C79204C3340
D+,0101000020E6100000D7FAE93F6BC458C0D547A7AE7C563340
D,0101000020E61000009C616A4B1DC458C0406326512F543340
D+,0101000020E61000005FC8EA56CFC358C0D647A7AE7C563340
D+,0101000020E6100000222F6B6281C358C0E8D32AFA43733340
D,0101000020E6100000212F6B6281C358C0885FB1868B5E3340
D+,0101000020E6100000202F6B6281C358C03F6326512F543340
D,0101000020E61000001E2F6B6281C358C02B616D8C9D403340
D,0101000020E6100000E595EB6D33C358C03AEDF0D7645D3340
D+,0101000020E6100000A5FC6B79E5C258C01E4432E4D8603340
D+,0101000020E61000006C63EC8497C258C0D4D17135B25F3340
D+,0101000020E61000006A63EC8497C258C0DB787764AC483340
D+,0101000020E6100000EF30ED9BFBC158C086A4164A26633340
D,0101000020E6100000EF30ED9BFBC158C0D647A7AE7C563340
D,0101000020E6100000A57686A9ADC158C01E4432E4D8603340
D,0101000020E6100000A47686A9ADC158C03DA88B14CA583340
D+,0101000020E61000005CBC1FB75FC158C022BA675DA3573340
D,0101000020E6100000E18920CEC3C058C044D95BCAF94A3340
D+,0101000020E6100000A4F0A0D975C058C0DE3312A111443340
D,0101000020E6100000695721E527C058C0D58C0C72175B3340
D+,0101000020E61000002BBEA1F0D9BF58C0DD3312A111443340
D+,0101000020E61000002BBEA1F0D9BF58C0E364E25641363340
E,0101000020E610000072F22213F0BE58C0D547A7AE7C563340
D,0101000020E6100000DE83D72E6DD258C022BA675DA3573340
D+,0101000020E61000009EEA573A1FD258C03CA88B14CA583340
D+,0101000020E61000006251D845D1D158C0881A4CC3F0593340
D+,0101000020E610000026B8585183D158C0881A4CC3F0593340
D+,0101000020E6100000AD855968E7D058C0D48C0C72175B3340
D,0101000020E6100000F8B9DA8AFDCF58C01F4432E4D8603340
D,0101000020E6100000B7205B96AFCF58C01E4432E4D8603340
D+,0101000020E610000006F0DDE68DCD58C03977BB5E9A663340
D,0101000020E6100000CB565EF23FCD58C0E71890BDDE773340
D+,0101000020E610000054245F09A4CC58C0A0D79FC4E7683340
D+,0101000020E6100000D8F15F2008CC58C02D151BF33A823340
D,0101000020E6100000E08C614ED0CA58C0C7B4368DED7F3340
D+,0101000020E6100000E18C614ED0CA58C031D0B52FA07D3340
D+,0101000020E6100000A1F3E15982CA58C0E35DF580797C3340
D+,0101000020E6100000675A626534CA58C097EB34D2527B3340
D+,0101000020E610000027C1E270E6C958C0E35DF580797C3340
D+,0101000020E610000071F56393FCC858C0350186E5CF6F3340
D+,0101000020E6100000355CE49EAEC858C097EB34D2527B3340
D+,0101000020E6100000F7C264AA60C858C098EB34D2527B3340
D,0101000020E6100000F6C264AA60C858C0E78EC536A96E3340
D,0101000020E61000004892E7FA3EC658C0D4D17135B25F3340
E,0101000020E6100000D25FE811A3C558C01F4432E4D8603340
D,0101000020E610000094C6681D55C558C0D4D17135B25F3340
D+,0101000020E6100000542DE92807C558C01E4432E4D8603340
D+,0101000020E6100000A87686A9ADC158C0904B1C79204C3340
D+,0101000020E6100000A0EA573A1FD258C0D4D17135B25F3340
D+,0101000020E61000006DECD97399D058C0D38C0C72175B3340
D+,0101000020E610000030535A7F4BD058C0EF7A30293E5C3340
D+,0101000020E6100000B7205B96AFCF58C0D48C0C72175B3340
D,0101000020E61000003BEE5BAD13CF58C0D4D17135B25F3340
D+,0101000020E6100000BEBB5CC477CE58C044D95BCAF94A3340
D+,0101000020E61000008422DDCF29CE58C025309DD66D4E3340
D+,0101000020E6100000CB565EF23FCD58C0EC04FBAF73653340
D+,0101000020E61000008EBDDEFDF1CC58C0C6B4368DED7F3340
D+,0101000020E61000008FBDDEFDF1CC58C09C616A4B1D723340
D+,0101000020E61000008FBDDEFDF1CC58C03832569BFF613340
D+,0101000020E61000004F245F09A4CC58C09A616A4B1D723340
D+,0101000020E610000052245F09A4CC58C086A4164A26633340
D+,0101000020E6100000138BDF1456CC58C03977BB5E9A663340
D,0101000020E61000009958E02BBACB58C09006B7B585473340
D+,0101000020E61000005BBF60376CCB58C0D9BDDC27474D3340
D+,0101000020E61000001E26E1421ECB58C081734694F6703340
D+,0101000020E61000001F26E1421ECB58C03F6326512F543340
D,0101000020E6100000DD8C614ED0CA58C08B90813CBB503340
D+,0101000020E6100000DC8C614ED0CA58C0DD3312A111443340
D+,0101000020E6100000A1F3E15982CA58C0DD3312A111443340
D+,0101000020E61000006A5A626534CA58C0E2E7BF07AF853340
D+,0101000020E6100000685A626534CA58C0E71890BDDE773340
D+,0101000020E6100000685A626534CA58C0D90242EBE1513340
D+,0101000020E610000027C1E270E6C958C024309DD66D4E3340
D+,0101000020E6100000EB27637C98C958C0E0E7BF07AF853340
D+,0101000020E6100000EE27637C98C958C0CB2A6C06B8763340
D+,0101000020E6100000AE8EE3874AC958C0DD2C25CB498A3340
D+,0101000020E6100000B08EE3874AC958C0E61890BDDE773340
D,0101000020E610000071F56393FCC858C02D5A80B6D5863340
D+,0101000020E6100000355CE49EAEC858C07BFD101B2C7A3340
D+,0101000020E6100000F7C264AA60C858C0DC718A8EE48E3340
D,0101000020E6100000B729E5B512C858C0350186E5CF6F3340
D,0101000020E6100000B729E5B512C858C0812EE1D05B6C3340
D+,0101000020E6100000B629E5B512C858C0ED04FBAF73653340
D+,0101000020E61000007B9065C1C4C758C0E88EC536A96E3340
D+,0101000020E61000007A9065C1C4C758C0832EE1D05B6C3340
D+,0101000020E61000007D9065C1C4C758C0D416D7F84C643340
D,0101000020E61000007C9065C1C4C758C0D647A7AE7C563340
D+,0101000020E610000042F7E5CC76C758C087E97B0DC1673340
D,0101000020E61000003EF7E5CC76C758C023BA675DA3573340
D,0101000020E61000003DF7E5CC76C758C0D647A7AE7C563340
D+,0101000020E610000040F7E5CC76C758C0FA669B1BD3493340
D+,0101000020E6100000015E66D828C758C0E35DF580797C3340
D+,0101000020E6100000005E66D828C758C0E8D32AFA43733340
D+,0101000020E6100000FF5D66D828C758C03877BB5E9A663340
D+,0101000020E6100000015E66D828C758C03DA88B14CA583340
D+,0101000020E6100000015E66D828C758C0DE3312A111443340
D+,0101000020E6100000C4C4E6E3DAC658C0360186E5CF6F3340
D,0101000020E6100000C5C4E6E3DAC658C0F07A30293E5C3340
D+,0101000020E6100000C4C4E6E3DAC658C0406326512F543340
D+,0101000020E6100000842B67EF8CC658C0E35DF580797C3340
D+,0101000020E6100000852B67EF8CC658C0E7D32AFA43733340
D+,0101000020E6100000872B67EF8CC658C0DD3312A111443340
D+,0101000020E6100000852B67EF8CC658C093C151F2EA423340
D,0101000020E61000004A92E7FA3EC658C01F4432E4D8603340
D+,0101000020E61000004892E7FA3EC658C0EF7A30293E5C3340
D+,0101000020E61000000BF96706F1C558C0C6B4368DED7F3340
D+,0101000020E61000000BF96706F1C558C07B4276DEC67E3340
D+,0101000020E61000000BF96706F1C558C03932569BFF613340
D,0101000020E61000000CF96706F1C558C0F07A30293E5C3340
D+,0101000020E6100000D05FE811A3C558C09A616A4B1D723340
D+,0101000020E6100000CF5FE811A3C558C0F07A30293E5C3340
D+,0101000020E610000092C6681D55C558C07A4276DEC67E3340
D+,0101000020E610000091C6681D55C558C09C616A4B1D723340
D,0101000020E610000092C6681D55C558C0350186E5CF6F3340
D,0101000020E610000094C6681D55C558C0865FB1868B5E3340
D,0101000020E610000094C6681D55C558C03BEDF0D7645D3340
D,0101000020E610000092C6681D55C558C0421EC18D944F3340
D+,0101000020E6100000552DE92807C558C0865FB1868B5E3340
D+,0101000020E610000014946934B9C458C034BC2022356B3340
D+,0101000020E610000014946934B9C458C03832569BFF613340
D+,0101000020E610000015946934B9C458C0D447A7AE7C563340
D+,0101000020E610000016946934B9C458C0D90242EBE1513340
D+,0101000020E6100000D8FAE93F6BC458C03832569BFF613340
D,0101000020E6100000D9FAE93F6BC458C03BEDF0D7645D3340
D+,0101000020E6100000D8FAE93F6BC458C03DA88B14CA583340
D,0101000020E6100000D9FAE93F6BC458C0421EC18D944F3340
D,0101000020E6100000D7FAE93F6BC458C0D9BDDC27474D3340
D+,0101000020E61000009C616A4B1DC458C07BFD101B2C7A3340
D+,0101000020E610000098616A4B1DC458C03832569BFF613340
D+,0101000020E61000009C616A4B1DC458C0D4D17135B25F3340
D+,0101000020E610000098616A4B1DC458C08E4B1C79204C3340
D+,0101000020E61000005FC8EA56CFC358C086A4164A26633340
D+,0101000020E6100000212F6B6281C358C0D9BDDC27474D3340
D,0101000020E6100000212F6B6281C358C045D95BCAF94A3340
D+,0101000020E6100000E295EB6D33C358C03832569BFF613340
D+,0101000020E6100000E495EB6D33C358C023BA675DA3573340
D+,0101000020E6100000A5FC6B79E5C258C021BA675DA3573340
D+,0101000020E6100000A8FC6B79E5C258C0D447A7AE7C563340
D+,0101000020E61000006A63EC8497C258C0865FB1868B5E3340
D+,0101000020E61000006A63EC8497C258C0881A4CC3F0593340
D,0101000020E61000006A63EC8497C258C0D547A7AE7C563340
D+,0101000020E61000002DCA6C9049C258C03AEDF0D7645D3340
D+,0101000020E6100000A57686A9ADC158C03932569BFF613340
D+,0101000020E6100000E28920CEC3C058C02A616D8C9D403340
D+,0101000020E6100000A7F0A0D975C058C0F8669B1BD3493340
D+,0101000020E6100000A5F0A0D975C058C04594F6065F463340
D+,0101000020E6100000685721E527C058C0DE3312A111443340
D,0101000020E6100000EB2422FC8BBF58C0D38C0C72175B3340
D,0101000020E6100000AC8BA2073EBF58C03CA88B14CA583340
D,0101000020E6100000D1E8D500A5D358C03CA88B14CA583340
D+,0101000020E6100000974F560C57D358C0865FB1868B5E3340
D+,0101000020E610000059B6D61709D358C08B90813CBB503340
D,0101000020E6100000191D5723BBD258C022BA675DA3573340
D+,0101000020E61000001C1D5723BBD258C0D70242EBE1513340
D+,0101000020E6100000A0EA573A1FD258C023BA675DA3573340
D+,0101000020E61000009EEA573A1FD258C0D547A7AE7C563340
D+,0101000020E61000006151D845D1D158C03CA88B14CA583340
D+,0101000020E61000006551D845D1D158C023BA675DA3573340
D+,0101000020E6100000E81ED95C35D158C0881A4CC3F0593340
D+,0101000020E61000006DECD97399D058C0891A4CC3F0593340
D,0101000020E61000006DECD97399D058C044D95BCAF94A3340
D,0101000020E61000003AEE5BAD13CF58C0DD3312A111443340
D+,0101000020E6100000FE54DCB8C5CE58C0E0A9471ADC3A3340
D+,0101000020E6100000BFBB5CC477CE58C0E2A9471ADC3A3340
D,0101000020E61000008122DDCF29CE58C0DD3312A111443340
D+,0101000020E6100000CC565EF23FCD58C0CC2A6C06B8763340
D,0101000020E6100000D8F15F2008CC58C02F1C08C9023C3340
D+,0101000020E61000005CBF60376CCB58C02B616D8C9D403340
D,0101000020E61000001E26E1421ECB58C0957CEC2E503E3340
D,0101000020E6100000E08C614ED0CA58C02E1C08C9023C3340
D,0101000020E6100000A3F3E15982CA58C02E1C08C9023C3340
D+,0101000020E6100000A3F3E15982CA58C031923D42CD323340
D,0101000020E6100000665A626534CA58C02E1C08C9023C3340
D+,0101000020E6100000EC27637C98C958C0957CEC2E503E3340
D,0101000020E6100000B929E5B512C858C07A4963B48E383340
D+,0101000020E61000003EF7E5CC76C758C0E2A9471ADC3A3340
D,0101000020E6100000872B67EF8CC658C099F221A81A353340
D,0101000020E61000004B92E7FA3EC658C0E2A9471ADC3A3340
D,0101000020E610000009F96706F1C558C098F221A81A353340
D+,0101000020E610000094C6681D55C558C0CA2A6C06B8763340
D+,0101000020E610000094C6681D55C558C085E97B0DC1673340
D+,0101000020E6100000552DE92807C558C0CA2A6C06B8763340
D+,0101000020E6100000542DE92807C558C09C616A4B1D723340
D+,0101000020E6100000542DE92807C558C023BA675DA3573340
D,0101000020E6100000DAFAE93F6BC458C0DB787764AC483340
D,0101000020E61000009E616A4B1DC458C0411EC18D944F3340
D+,0101000020E61000005FC8EA56CFC358C0360186E5CF6F3340
D+,0101000020E6100000E495EB6D33C358C083734694F6703340
D+,0101000020E61000005DC2A1B778D558C0F5F065A208533340
D+,0101000020E61000001D2922C32AD558C0D647A7AE7C563340
D+,0101000020E61000001E2922C32AD558C08BD5E6FF55553340
D+,0101000020E61000001D2922C32AD558C0406326512F543340
D+,0101000020E6100000E48FA2CEDCD458C023BA675DA3573340
D+,0101000020E6100000E28FA2CEDCD458C0D647A7AE7C563340
D+,0101000020E6100000E28FA2CEDCD458C08BD5E6FF55553340
D+,0101000020E6100000E18FA2CEDCD458C0406326512F543340
D+,0101000020E610000098D53BDC8ED458C023BA675DA3573340
D+,0101000020E610000099D53BDC8ED458C0D547A7AE7C563340
D+,0101000020E610000097D53BDC8ED458C08BD5E6FF55553340
D+,0101000020E61000009AD53BDC8ED458C03F6326512F543340
D+,0101000020E6100000D4E8D500A5D358C03AEDF0D7645D3340
D+,0101000020E6100000DD83D72E6DD258C0411EC18D944F3340
D+,0101000020E6100000A0EA573A1FD258C0D90242EBE1513340
D+,0101000020E61000009EEA573A1FD258C08B90813CBB503340
D+,0101000020E610000025B8585183D158C023BA675DA3573340
D+,0101000020E6100000E81ED95C35D158C03CA88B14CA583340
D+,0101000020E6100000AA855968E7D058C03CA88B14CA583340
D+,0101000020E61000008522DDCF29CE58C02E1C08C9023C3340
D+,0101000020E61000008222DDCF29CE58C09337876BB5393340
D+,0101000020E610000046895DDBDBCD58C02D1C08C9023C3340
D+,0101000020E610000044895DDBDBCD58C09437876BB5393340
D+,0101000020E610000045895DDBDBCD58C07B4963B48E383340
D+,0101000020E610000044895DDBDBCD58C0E464E25641363340
D+,0101000020E610000009F0DDE68DCD58C02E1C08C9023C3340
D+,0101000020E610000009F0DDE68DCD58C0E364E25641363340
D+,0101000020E610000007F0DDE68DCD58C099F221A81A353340
D+,0101000020E6100000CE565EF23FCD58C02F1C08C9023C3340
D+,0101000020E6100000CB565EF23FCD58C0DFA9471ADC3A3340
D+,0101000020E61000008FBDDEFDF1CC58C0E61890BDDE773340
D+,0101000020E61000008FBDDEFDF1CC58C02D1C08C9023C3340
D+,0101000020E61000008FBDDEFDF1CC58C0E1A9471ADC3A3340
D+,0101000020E610000053245F09A4CC58C02BA6D24F38453340
D+,0101000020E61000004F245F09A4CC58C02A616D8C9D403340
D+,0101000020E610000052245F09A4CC58C02E1C08C9023C3340
D+,0101000020E610000050245F09A4CC58C098F221A81A353340
D+,0101000020E610000051245F09A4CC58C04C8061F9F3333340
D+,0101000020E6100000138BDF1456CC58C0DD3312A111443340
D+,0101000020E6100000128BDF1456CC58C093C151F2EA423340
D+,0101000020E6100000148BDF1456CC58C076D32D3BC4413340
D+,0101000020E6100000128BDF1456CC58C09337876BB5393340
D+,0101000020E6100000168BDF1456CC58C07D4963B48E383340
D+,0101000020E6100000168BDF1456CC58C0E564E25641363340
D+,0101000020E6100000138BDF1456CC58C098F221A81A353340
D+,0101000020E6100000D9F15F2008CC58C094C151F2EA423340
D+,0101000020E61000009858E02BBACB58C094C151F2EA423340
D+,0101000020E61000009B58E02BBACB58C077D32D3BC4413340
D+,0101000020E61000009858E02BBACB58C02C616D8C9D403340
D+,0101000020E610000026C1E270E6C958C0480A2C80293D3340
D+,0101000020E610000029C1E270E6C958C033923D42CD323340
D+,0101000020E6100000EE27637C98C958C02F1C08C9023C3340
D+,0101000020E6100000EA27637C98C958C0E1A9471ADC3A3340
D+,0101000020E6100000AF8EE3874AC958C0987CEC2E503E3340
D+,0101000020E610000071F56393FCC858C0E1EEACDD763F3340
D+,0101000020E610000071F56393FCC858C0957CEC2E503E3340
D+,0101000020E610000070F56393FCC858C0480A2C80293D3340
D+,0101000020E610000072F56393FCC858C02D1C08C9023C3340
D+,0101000020E6100000365CE49EAEC858C0E1EEACDD763F3340
D+,0101000020E6100000335CE49EAEC858C0987CEC2E503E3340
D+,0101000020E6100000B829E5B512C858C0E1EEACDD763F3340
D+,0101000020E61000003DF7E5CC76C758C02D151BF33A823340
D+,0101000020E610000041F7E5CC76C758C09AF221A81A353340
D+,0101000020E6100000015E66D828C758C0E1A9471ADC3A3340
D+,0101000020E6100000C5C4E6E3DAC658C07D4963B48E383340
D+,0101000020E610000098616A4B1DC458C0E88EC536A96E3340
D+,0101000020E61000001F2F6B6281C358C09C616A4B1D723340
D+,0101000020E61000006B63EC8497C258C094C151F2EA423340
D+,0101000020E61000002CCA6C9049C258C0DD3312A111443340
D+,0101000020E61000002CCA6C9049C258C093C151F2EA423340
D+,0101000020E6100000EE30ED9BFBC158C0DD3312A111443340
D+,0101000020E6100000A67686A9ADC158C046D95BCAF94A3340
D+,0101000020E61000005BBC1FB75FC158C024309DD66D4E3340
D+,0101000020E61000005DBC1FB75FC158C094C151F2EA423340
D+,0101000020E61000001C23A0C211C158C0D9BDDC27474D3340
D+,0101000020E6100000E18920CEC3C058C0D9BDDC27474D3340
D+,0101000020E6100000E38920CEC3C058C02E1C08C9023C3340
D+,0101000020E6100000A5F0A0D975C058C0E1A9471ADC3A3340
D+,0101000020E6100000A4F0A0D975C058C09437876BB5393340
D+,0101000020E6100000695721E527C058C07D4963B48E383340
D+,0101000020E6100000695721E527C058C02FD7A20568373340
D+,0101000020E6100000695721E527C058C0E364E25641363340
D+,0101000020E61000002ABEA1F0D9BF58C08E4B1C79204C3340
D+,0101000020E61000002ABEA1F0D9BF58C02C616D8C9D403340
D+,0101000020E6100000E92422FC8BBF58C08D4B1C79204C3340
D+,0101000020E6100000EB2422FC8BBF58C0DB787764AC483340
D+,0101000020E6100000EB2422FC8BBF58C09106B7B585473340
D+,0101000020E6100000EB2422FC8BBF58C0E1EEACDD763F3340
D+,0101000020E6100000EA2422FC8BBF58C0947CEC2E503E3340
D+,0101000020E6100000EB2422FC8BBF58C09AF221A81A353340
D+,0101000020E6100000B08BA2073EBF58C0FA669B1BD3493340
D+,0101000020E6100000B08BA2073EBF58C0DD787764AC483340
D+,0101000020E6100000AE8BA2073EBF58C02E1C08C9023C3340
D+,0101000020E6100000AD8BA2073EBF58C0E2A9471ADC3A3340
D+,0101000020E6100000AC8BA2073EBF58C09337876BB5393340
D+,0101000020E6100000B08BA2073EBF58C07D4963B48E383340
D+,0101000020E610000072F22213F0BE58C0E2A9471ADC3A3340
D+,0101000020E610000074F22213F0BE58C07D4963B48E383340
D+,0101000020E61000003359A31EA2BE58C024309DD66D4E3340
D+,0101000020E6100000F4BF232A54BE58C08B90813CBB503340
D+,0101000020E6100000F6BF232A54BE58C0411EC18D944F3340
D+,0101000020E6100000F7BF232A54BE58C07D4963B48E383340
D+,0101000020E6100000BB26A43506BE58C0D90242EBE1513340
D+,0101000020E6100000B926A43506BE58C08B90813CBB503340
D+,0101000020E6100000B926A43506BE58C0401EC18D944F3340
D+,0101000020E6100000B926A43506BE58C0D8BDDC27474D3340
D+,0101000020E6100000B826A43506BE58C08C4B1C79204C3340
D+,0101000020E6100000DE83D72E6DD258C0F6F065A208533340
D+,0101000020E6100000A0EA573A1FD258C01F4432E4D8603340
D+,0101000020E610000030535A7F4BD058C0401EC18D944F3340
D+,0101000020E6100000F4B9DA8AFDCF58C0F4F065A208533340
D+,0101000020E61000007987DBA161CF58C0F8669B1BD3493340
D+,0101000020E61000007B87DBA161CF58C0DC787764AC483340
D+,0101000020E6100000BDBB5CC477CE58C04394F6065F463340
D+,0101000020E61000002BC1E270E6C958C0D80242EBE1513340
D+,0101000020E6100000BB29E5B512C858C02F1C08C9023C3340
D+,0101000020E61000003FF7E5CC76C758C0D416D7F84C643340
D+,0101000020E6100000025E66D828C758C02FD0B52FA07D3340
D+,0101000020E6100000852B67EF8CC658C03CA88B14CA583340
D+,0101000020E6100000872B67EF8CC658C022BA675DA3573340
D+,0101000020E61000004992E7FA3EC658C03DA88B14CA583340
D+,0101000020E61000004892E7FA3EC658C0D447A7AE7C563340
D+,0101000020E6100000532DE92807C558C02B616D8C9D403340
D+,0101000020E610000015946934B9C458C07A4276DEC67E3340
D+,0101000020E610000014946934B9C458C02B616D8C9D403340
D+,0101000020E6100000DAFAE93F6BC458C0D80242EBE1513340
D+,0101000020E61000009A616A4B1DC458C0832EE1D05B6C3340
D+,0101000020E61000009D616A4B1DC458C0D90242EBE1513340
D+,0101000020E61000005FC8EA56CFC358C0406326512F543340
D+,0101000020E61000002DCA6C9049C258C0D4D17135B25F3340
D+,0101000020E61000002FCA6C9049C258C0FA669B1BD3493340
D+,0101000020E6100000F130ED9BFBC158C0FA669B1BD3493340
D+,0101000020E61000005CBC1FB75FC158C0E1EEACDD763F3340
D+,0101000020E61000002023A0C211C158C023BA675DA3573340
D+,0101000020E61000002023A0C211C158C0E1EEACDD763F3340
D+,0101000020E61000001C23A0C211C158C0957CEC2E503E3340
D+,0101000020E6100000A4F0A0D975C058C0480A2C80293D3340
D+,0101000020E6100000A7F0A0D975C058C02D1C08C9023C3340
D+,0101000020E6100000655721E527C058C0480A2C80293D3340
D+,0101000020E6100000675721E527C058C02E1C08C9023C3340
D+,0101000020E61000002BBEA1F0D9BF58C03BEDF0D7645D3340
D+,0101000020E610000029BEA1F0D9BF58C0E1EEACDD763F3340
D+,0101000020E61000002ABEA1F0D9BF58C0E1A9471ADC3A3340
D+,0101000020E61000002ABEA1F0D9BF58C09437876BB5393340
D+,0101000020E61000002BBEA1F0D9BF58C07C4963B48E383340
D+,0101000020E610000029BEA1F0D9BF58C02ED7A20568373340
D+,0101000020E6100000EA2422FC8BBF58C04494F6065F463340
D+,0101000020E610000019946934B9C458C0D0A0A17F826D3340
D+,0101000020E6100000EA27637C98C958C09675FF5888843340
D+,0101000020E6100000552DE92807C558C08BD5E6FF55553340
D+,0101000020E6100000532DE92807C558C0F5F065A208533340
D+,0101000020E610000016946934B9C458C0822EE1D05B6C3340
D+,0101000020E61000005EC8EA56CFC358C0FA669B1BD3493340
D+,0101000020E6100000202F6B6281C358C08F4B1C79204C3340
D+,0101000020E6100000E295EB6D33C358C08E4B1C79204C3340
D+,0101000020E6100000E395EB6D33C358C044D95BCAF94A3340
D+,0101000020E6100000A7FC6B79E5C258C08F4B1C79204C3340
D+,0101000020E6100000E28920CEC3C058C03AEDF0D7645D3340
D,0101000020E6100000D6F4A0A014D658C024309DD66D4E3340
D,0101000020E61000005CC2A1B778D558C0D9BDDC27474D3340
D,0101000020E61000001E2922C32AD558C024309DD66D4E3340
D,0101000020E61000001D2922C32AD558C0D9BDDC27474D3340
D,0101000020E6100000E38FA2CEDCD458C0411EC18D944F3340
D,0101000020E6100000E28FA2CEDCD458C024309DD66D4E3340
D,0101000020E6100000E28FA2CEDCD458C0D9BDDC27474D3340
D,0101000020E61000004D1BD5E940D458C0F07A30293E5C3340
D,0101000020E6100000118255F5F2D358C0865FB1868B5E3340
D,0101000020E6100000118255F5F2D358C0EE7A30293E5C3340
D,0101000020E6100000108255F5F2D358C03CA88B14CA583340
D,0101000020E610000026B8585183D158C0D80242EBE1513340
D,0101000020E610000025B8585183D158C08D90813CBB503340
D,0101000020E610000025B8585183D158C0421EC18D944F3340
D,0101000020E610000026B8585183D158C024309DD66D4E3340
D,0101000020E61000002F535A7F4BD058C02AA6D24F38453340
D,0101000020E6100000F3B9DA8AFDCF58C0FA669B1BD3493340
D,0101000020E6100000F2B9DA8AFDCF58C04394F6065F463340
D,0101000020E6100000F4B9DA8AFDCF58C02BA6D24F38453340
D,0101000020E6100000F3B9DA8AFDCF58C0DD3312A111443340
D,0101000020E6100000B7205B96AFCF58C0DE3312A111443340
D,0101000020E61000008422DDCF29CE58C09AF221A81A353340
D,0101000020E610000045895DDBDBCD58C099F221A81A353340
D,0101000020E6100000CC565EF23FCD58C0E364E25641363340
D,0101000020E61000008EBDDEFDF1CC58C0E464E25641363340
D,0101000020E610000054245F09A4CC58C07D4963B48E383340
D,0101000020E610000054245F09A4CC58C02FD7A20568373340
D,0101000020E610000054245F09A4CC58C0E564E25641363340
D,0101000020E61000009958E02BBACB58C09337876BB5393340
D,0101000020E61000009958E02BBACB58C09FDE8C9AAF223340
D,0101000020E61000005ABF60376CCB58C0480A2C80293D3340
D,0101000020E61000005DBF60376CCB58C0E3A9471ADC3A3340
D,0101000020E610000059BF60376CCB58C09337876BB5393340
D,0101000020E61000005BBF60376CCB58C0EA504D49D6233340
D,0101000020E61000001E26E1421ECB58C0E1A9471ADC3A3340
D,0101000020E61000001D26E1421ECB58C09537876BB5393340
D,0101000020E61000001F26E1421ECB58C036C30DF8FC243340
D,0101000020E6100000DE8C614ED0CA58C0E2A9471ADC3A3340
D,0101000020E6100000DB8C614ED0CA58C09337876BB5393340
D,0101000020E6100000A3F3E15982CA58C02FD7A20568373340
D,0101000020E6100000A2F3E15982CA58C099F221A81A353340
D,0101000020E6100000665A626534CA58C09337876BB5393340
D,0101000020E6100000685A626534CA58C07B4963B48E383340
D,0101000020E61000006A5A626534CA58C02FD7A20568373340
D,0101000020E6100000665A626534CA58C099F221A81A353340
D,0101000020E61000002AC1E270E6C958C0DC718A8EE48E3340
D,0101000020E6100000EE27637C98C958C07C4963B48E383340
D,0101000020E6100000EB27637C98C958C09AADBCE47F303340
D,0101000020E6100000AF8EE3874AC958C098F221A81A353340
D,0101000020E6100000AF8EE3874AC958C099ADBCE47F303340
D,0101000020E6100000B08EE3874AC958C07EBF982D592F3340
D,0101000020E610000072F56393FCC858C098F221A81A353340
D,0101000020E610000071F56393FCC858C0E41F7D93A6313340
D,0101000020E610000072F56393FCC858C099ADBCE47F303340
D,0101000020E6100000355CE49EAEC858C02E1C08C9023C3340
D,0101000020E6100000355CE49EAEC858C0E41F7D93A6313340
D,0101000020E6100000F6C264AA60C858C0947CEC2E503E3340
D,0101000020E6100000F5C264AA60C858C0470A2C80293D3340
D,0101000020E6100000FAC264AA60C858C02F1C08C9023C3340
D,0101000020E6100000B729E5B512C858C0470A2C80293D3340
D,0101000020E6100000B729E5B512C858C0E31F7D93A6313340
D,0101000020E61000007B9065C1C4C758C046D26EF431913340
D,0101000020E61000007D9065C1C4C758C029E44A3D0B903340
D,0101000020E610000041F7E5CC76C758C093442FA358923340
D,0101000020E61000003DF7E5CC76C758C046D26EF431913340
D,0101000020E61000003FF7E5CC76C758C029E44A3D0B903340
D,0101000020E61000003DF7E5CC76C758C04C8061F9F3333340
D,0101000020E61000003DF7E5CC76C758C0E41F7D93A6313340
D,0101000020E61000003DF7E5CC76C758C099ADBCE47F303340
D,0101000020E6100000025E66D828C758C046D26EF431913340
D,0101000020E6100000015E66D828C758C028E44A3D0B903340
D,0101000020E6100000025E66D828C758C04C8061F9F3333340
D,0101000020E6100000015E66D828C758C0E41F7D93A6313340
D,0101000020E6100000C1C4E6E3DAC658C04C8061F9F3333340
D,0101000020E6100000872B67EF8CC658C0301C08C9023C3340
D,0101000020E6100000852B67EF8CC658C0E41F7D93A6313340
D,0101000020E61000004892E7FA3EC658C08E06B7B585473340
D,0101000020E61000004892E7FA3EC658C04494F6065F463340
D,0101000020E61000004992E7FA3EC658C02AA6D24F38453340
D,0101000020E61000004A92E7FA3EC658C04C8061F9F3333340
D,0101000020E61000004992E7FA3EC658C09AADBCE47F303340
D,0101000020E61000004A92E7FA3EC658C07BBF982D592F3340
D,0101000020E61000000BF96706F1C558C03CA88B14CA583340
D,0101000020E61000000BF96706F1C558C04594F6065F463340
D,0101000020E61000000BF96706F1C558C02AA6D24F38453340
D,0101000020E61000000CF96706F1C558C0DD3312A111443340
D,0101000020E61000000DF96706F1C558C076D32D3BC4413340
D,0101000020E61000000DF96706F1C558C0E2A9471ADC3A3340
D,0101000020E61000000CF96706F1C558C04C8061F9F3333340
D,0101000020E61000000EF96706F1C558C031923D42CD323340
D,0101000020E61000000BF96706F1C558C099ADBCE47F303340
D,0101000020E61000000EF96706F1C558C07EBF982D592F3340
D,0101000020E6100000CE5FE811A3C558C02AA6D24F38453340
D,0101000020E6100000D05FE811A3C558C02E1C08C9023C3340
D,0101000020E6100000D25FE811A3C558C031923D42CD323340
D,0101000020E6100000D05FE811A3C558C07EBF982D592F3340
D,0101000020E610000092C6681D55C558C094C151F2EA423340
D,0101000020E610000091C6681D55C558C0480A2C80293D3340
D,0101000020E610000092C6681D55C558C02D1C08C9023C3340
D,0101000020E610000095C6681D55C558C032923D42CD323340
D,0101000020E610000093C6681D55C558C0E41F7D93A6313340
D,0101000020E610000092C6681D55C558C07DBF982D592F3340
D,0101000020E6100000532DE92807C558C0480A2C80293D3340
D,0101000020E6100000542DE92807C558C02D1C08C9023C3340
D,0101000020E6100000512DE92807C558C0E41F7D93A6313340
D,0101000020E6100000542DE92807C558C07DBF982D592F3340
D,0101000020E6100000552DE92807C558C0334DD87E322E3340
D,0101000020E610000015946934B9C458C0470A2C80293D3340
D,0101000020E610000017946934B9C458C0301C08C9023C3340
D,0101000020E610000018946934B9C458C0E364E25641363340
D,0101000020E610000017946934B9C458C04C8061F9F3333340
D,0101000020E610000015946934B9C458C0E31F7D93A6313340
D,0101000020E610000017946934B9C458C0324DD87E322E3340
D,0101000020E6100000D7FAE93F6BC458C0957CEC2E503E3340
D,0101000020E6100000D8FAE93F6BC458C0480A2C80293D3340
D,0101000020E6100000DAFAE93F6BC458C02D1C08C9023C3340
D,0101000020E6100000D8FAE93F6BC458C02FD7A20568373340
D,0101000020E6100000D9FAE93F6BC458C04C8061F9F3333340
D,0101000020E6100000D8FAE93F6BC458C032923D42CD323340
D,0101000020E6100000D8FAE93F6BC458C099ADBCE47F303340
D,0101000020E6100000D9FAE93F6BC458C0334DD87E322E3340
D,0101000020E6100000D9FAE93F6BC458C0E6DA17D00B2D3340
D,0101000020E6100000D9FAE93F6BC458C09C685721E52B3340
D,0101000020E61000009C616A4B1DC458C0E2EEACDD763F3340
D,0101000020E61000009B616A4B1DC458C0987CEC2E503E3340
D,0101000020E61000009A616A4B1DC458C0480A2C80293D3340
D,0101000020E61000009C616A4B1DC458C02E1C08C9023C3340
D,0101000020E61000009D616A4B1DC458C02FD7A20568373340
D,0101000020E61000009C616A4B1DC458C09AF221A81A353340
D,0101000020E61000009E616A4B1DC458C04C8061F9F3333340
D,0101000020E610000098616A4B1DC458C099ADBCE47F303340
D,0101000020E61000009C616A4B1DC458C0324DD87E322E3340
D,0101000020E61000005FC8EA56CFC358C0987CEC2E503E3340
D,0101000020E610000060C8EA56CFC358C0480A2C80293D3340
D,0101000020E61000005EC8EA56CFC358C09AF221A81A353340
D,0101000020E61000005EC8EA56CFC358C031923D42CD323340
D,0101000020E61000005EC8EA56CFC358C099ADBCE47F303340
D,0101000020E6100000222F6B6281C358C032923D42CD323340
D,0101000020E6100000202F6B6281C358C0E41F7D93A6313340
D,0101000020E6100000E495EB6D33C358C0E2EEACDD763F3340
D,0101000020E6100000E395EB6D33C358C0987CEC2E503E3340
D,0101000020E6100000E295EB6D33C358C0480A2C80293D3340
D,0101000020E6100000A5FC6B79E5C258C0E0EEACDD763F3340
D,0101000020E6100000A8FC6B79E5C258C0947CEC2E503E3340
D,0101000020E6100000A8FC6B79E5C258C0E31F7D93A6313340
D,0101000020E61000006B63EC8497C258C0E0EEACDD763F3340
D,0101000020E61000006A63EC8497C258C0957CEC2E503E3340
D,0101000020E61000006A63EC8497C258C032923D42CD323340
D,0101000020E61000006C63EC8497C258C0334DD87E322E3340
D,0101000020E61000006A63EC8497C258C0E6DA17D00B2D3340
D,0101000020E61000002BCA6C9049C258C02A616D8C9D403340
D,0101000020E61000002FCA6C9049C258C0E1EEACDD763F3340
D,0101000020E61000002DCA6C9049C258C0987CEC2E503E3340
D,0101000020E61000002CCA6C9049C258C0E41F7D93A6313340
D,0101000020E61000002DCA6C9049C258C0324DD87E322E3340
D,0101000020E6100000F130ED9BFBC158C0E1EEACDD763F3340
D,0101000020E6100000EF30ED9BFBC158C0987CEC2E503E3340
D,0101000020E6100000EE30ED9BFBC158C099F221A81A353340
D,0101000020E6100000EE30ED9BFBC158C0E41F7D93A6313340
D,0101000020E6100000F030ED9BFBC158C099ADBCE47F303340
D,0101000020E6100000A87686A9ADC158C04D8061F9F3333340
D,0101000020E6100000A67686A9ADC158C0E61F7D93A6313340
D,0101000020E6100000A57686A9ADC158C09BADBCE47F303340
D,0101000020E6100000A87686A9ADC158C0E5DA17D00B2D3340
D,0101000020E61000005CBC1FB75FC158C0DE3312A111443340
D,0101000020E61000005ABC1FB75FC158C0480A2C80293D3340
D,0101000020E61000005CBC1FB75FC158C04C8061F9F3333340
D,0101000020E61000002223A0C211C158C023309DD66D4E3340
D,0101000020E61000001C23A0C211C158C0DC3312A111443340
D,0101000020E61000001E23A0C211C158C093C151F2EA423340
D,0101000020E61000001D23A0C211C158C0480A2C80293D3340
D,0101000020E61000002023A0C211C158C04B8061F9F3333340
D,0101000020E61000001C23A0C211C158C09AADBCE47F303340
D,0101000020E6100000E38920CEC3C058C04C8061F9F3333340
D,0101000020E6100000A4F0A0D975C058C0F5F065A208533340
D,0101000020E6100000A4F0A0D975C058C098F221A81A353340
D,0101000020E6100000A4F0A0D975C058C07DBF982D592F3340
D,0101000020E6100000695721E527C058C0406326512F543340
D,0101000020E6100000645721E527C058C0F4F065A208533340
D,0101000020E6100000665721E527C058C0E41F7D93A6313340
D,0101000020E6100000695721E527C058C07EBF982D592F3340
D,0101000020E61000002BBEA1F0D9BF58C03F6326512F543340
D,0101000020E61000002DBEA1F0D9BF58C04C8061F9F3333340
D,0101000020E61000002DBEA1F0D9BF58C032923D42CD323340
D,0101000020E610000029BEA1F0D9BF58C0E41F7D93A6313340
D,0101000020E6100000EC2422FC8BBF58C0334DD87E322E3340
D,0101000020E6100000B08BA2073EBF58C0E364E25641363340
D,0101000020E6100000AD8BA2073EBF58C098F221A81A353340
D,0101000020E6100000AE8BA2073EBF58C0324DD87E322E3340
D,0101000020E610000074F22213F0BE58C0E364E25641363340
D,0101000020E610000071F22213F0BE58C098F221A81A353340
D,0101000020E61000003359A31EA2BE58C0E464E25641363340
D,0101000020E6100000F3BF232A54BE58C098F221A81A353340
D,0101000020E6100000BA26A43506BE58C0E1A9471ADC3A3340
D,0101000020E61000007D8D2441B8BD58C0E2A9471ADC3A3340
D,0101000020E61000003EF4A44C6ABD58C07C4963B48E383340
D,0101000020E61000003EF4A44C6ABD58C02FD7A20568373340
D,0101000020E6100000015B25581CBD58C07D4963B48E383340
D,0101000020E6100000035B25581CBD58C02FD7A20568373340
D,0101000020E6100000C4C1A563CEBC58C07B4963B48E383340
D,0101000020E6100000E81ED95C35D158C0F4F065A208533340
D,0101000020E6100000AC855968E7D058C0D90242EBE1513340
D,0101000020E6100000A9855968E7D058C0D8BDDC27474D3340
D,0101000020E61000006DECD97399D058C0DBBDDC27474D3340
D,0101000020E610000031535A7F4BD058C0D80242EBE1513340
D,0101000020E61000007A87DBA161CF58C0D4D17135B25F3340
D,0101000020E61000007987DBA161CF58C0DD3312A111443340
D+,0101000020E6100000FE54DCB8C5CE58C0D48C0C72175B3340
D,0101000020E6100000C1BB5CC477CE58C01F4432E4D8603340
D,0101000020E6100000BDBB5CC477CE58C0DD3312A111443340
D+,0101000020E61000008122DDCF29CE58C04394F6065F463340
D,0101000020E6100000DD8C614ED0CA58C0406326512F543340
D,0101000020E610000026C1E270E6C958C091FFC9DFBD8D3340
D,0101000020E610000072F56393FCC858C091442FA358923340
D,0101000020E61000006FF56393FCC858C091FFC9DFBD8D3340
E,0101000020E6100000335CE49EAEC858C02629B000A6943340
D,0101000020E6100000355CE49EAEC858C0299FE579708B3340
D,0101000020E6100000F7C264AA60C858C046D26EF431913340
E,0101000020E6100000F8C264AA60C858C0DD2C25CB498A3340
D,0101000020E6100000F7C264AA60C858C09C616A4B1D723340
D,0101000020E6100000B929E5B512C858C046D26EF431913340
E,0101000020E61000007B9065C1C4C758C07611A628978C3340
D,0101000020E61000007A9065C1C4C758C09A616A4B1D723340
D,0101000020E6100000015E66D828C758C08AD5E6FF55553340
D,0101000020E6100000C3C4E6E3DAC658C02D151BF33A823340
D,0101000020E6100000C1C4E6E3DAC658C0E1A25A4414813340
E,0101000020E6100000852B67EF8CC658C07C4276DEC67E3340
D,0101000020E610000092C6681D55C558C02B616D8C9D403340
D,0101000020E6100000542DE92807C558C076D32D3BC4413340
D,0101000020E610000018946934B9C458C0C7B4368DED7F3340
D,0101000020E610000018946934B9C458C0FA669B1BD3493340
D,0101000020E6100000D8FAE93F6BC458C08D90813CBB503340
D,0101000020E61000009A616A4B1DC458C08B90813CBB503340
D,0101000020E61000005EC8EA56CFC358C0F4F065A208533340
D,0101000020E610000062C8EA56CFC358C0D90242EBE1513340
E,0101000020E6100000202F6B6281C358C08D90813CBB503340
D,0101000020E6100000E495EB6D33C358C01F4432E4D8603340
E,0101000020E6100000E095EB6D33C358C08B90813CBB503340
D,0101000020E6100000A7FC6B79E5C258C0416326512F543340
E,0101000020E61000006C63EC8497C258C0D80242EBE1513340
D,0101000020E61000002ECA6C9049C258C08BD5E6FF55553340
D,0101000020E61000002DCA6C9049C258C0411EC18D944F3340
E,0101000020E6100000F030ED9BFBC158C0F4F065A208533340
D,0101000020E6100000EF30ED9BFBC158C0DC787764AC483340
D,0101000020E6100000A77686A9ADC158C08BD5E6FF55553340
E,0101000020E6100000A57686A9ADC158C0F5F065A208533340
D,0101000020E6100000A57686A9ADC158C0E1EEACDD763F3340
D,0101000020E61000005CBC1FB75FC158C0881A4CC3F0593340
E,0101000020E61000005ABC1FB75FC158C0F6F065A208533340
D,0101000020E61000005BBC1FB75FC158C02C616D8C9D403340
D,0101000020E61000001C23A0C211C158C0D447A7AE7C563340
D,0101000020E61000002023A0C211C158C08CD5E6FF55553340
D,0101000020E6100000E28920CEC3C058C0F17A30293E5C3340
D,0101000020E6100000E48920CEC3C058C0D58C0C72175B3340
E,0101000020E6100000E38920CEC3C058C08CD5E6FF55553340
D+,0101000020E6100000E48920CEC3C058C0E2EEACDD763F3340
D,0101000020E6100000E18920CEC3C058C0957CEC2E503E3340
E,0101000020E6100000A4F0A0D975C058C08BD5E6FF55553340
D,0101000020E6100000A5F0A0D975C058C0E1EEACDD763F3340
D,0101000020E6100000695721E527C058C08CD5E6FF55553340
D,0101000020E610000029BEA1F0D9BF58C0D38C0C72175B3340
E,0101000020E6100000EA2422FC8BBF58C0D447A7AE7C563340
E,0101000020E6100000AE8BA2073EBF58C0D547A7AE7C563340
E,0101000020E610000071F22213F0BE58C03CA88B14CA583340
E,0101000020E61000003259A31EA2BE58C0F5F065A208533340
D,0101000020E6100000B926A43506BE58C099F221A81A353340
D,0101000020E6100000F4B9DA8AFDCF58C08E4B1C79204C3340
D,0101000020E61000008222DDCF29CE58C03932569BFF613340
D,0101000020E6100000B829E5B512C858C080734694F6703340
D,0101000020E61000004992E7FA3EC658C0C6B4368DED7F3340
E,0101000020E6100000A7FC6B79E5C258C0D4D17135B25F3340
D,0101000020E6100000C6C4E6E3DAC658C083734694F6703340
D,0101000020E61000000CF96706F1C558C03AEDF0D7645D3340
D,0101000020E610000092C6681D55C558C081734694F6703340
D,0101000020E610000018946934B9C458C025309DD66D4E3340
D,0101000020E61000005DC8EA56CFC358C0D4D17135B25F3340
E,0101000020E6100000158BDF1456CC58C02FD7A20568373340
D,0101000020E6100000A4F3E15982CA58C0C7B4368DED7F3340
D,0101000020E6100000675A626534CA58C07C4276DEC67E3340
D,0101000020E6100000335CE49EAEC858C0360186E5CF6F3340
D,0101000020E61000005DC8EA56CFC358C04C8061F9F3333340
D,0101000020E6100000A9FC6B79E5C258C033923D42CD323340
D,0101000020E6100000F030ED9BFBC158C04C8061F9F3333340
E,0101000020E6100000F6C264AA60C858C0DBB6EF517F933340
E,0101000020E61000005DC8EA56CFC358C03AEDF0D7645D3340
E,0101000020E61000002DCA6C9049C258C02AA6D24F38453340
E,0101000020E6100000E92422FC8BBF58C04EF69672BE2A3340
D,0101000020E61000007B87DBA161CF58C02BA6D24F38453340
D+,0101000020E61000003BEE5BAD13CF58C0871A4CC3F0593340
D+,0101000020E6100000BDBB5CC477CE58C08E4B1C79204C3340
D+,0101000020E61000008022DDCF29CE58C03CA88B14CA583340
D,0101000020E61000008FBDDEFDF1CC58C0EE04FBAF73653340
D+,0101000020E6100000168BDF1456CC58C02BA6D24F38453340
D+,0101000020E610000071F56393FCC858C07611A628978C3340
D,0101000020E6100000355CE49EAEC858C028E44A3D0B903340
D,0101000020E6100000355CE49EAEC858C02D5A80B6D5863340
D,0101000020E6100000365CE49EAEC858C083734694F6703340
D+,0101000020E6100000C2C4E6E3DAC658C03977BB5E9A663340
D,0101000020E6100000542DE92807C558C081734694F6703340
D,0101000020E6100000D9FAE93F6BC458C01E4432E4D8603340
D+,0101000020E6100000D6FAE93F6BC458C0F07A30293E5C3340
D+,0101000020E6100000D8FAE93F6BC458C08F4B1C79204C3340
D,0101000020E61000002BCA6C9049C258C0F07A30293E5C3340
D,0101000020E61000002FCA6C9049C258C023BA675DA3573340
D,0101000020E6100000ED30ED9BFBC158C03CA88B14CA583340
D+,0101000020E6100000EF30ED9BFBC158C044D95BCAF94A3340
D,0101000020E61000005ABC1FB75FC158C0F07A30293E5C3340
D,0101000020E61000002023A0C211C158C0D3D17135B25F3340
D,0101000020E61000001C23A0C211C158C0871A4CC3F0593340
D,0101000020E6100000E48920CEC3C058C01F4432E4D8603340
D,0101000020E6100000655721E527C058C0F17A30293E5C3340
D+,0101000020E6100000EB2422FC8BBF58C0F8669B1BD3493340
D,0101000020E6100000EA1ED95C35D158C0411EC18D944F3340
D,0101000020E610000030535A7F4BD058C0881A4CC3F0593340
D,0101000020E610000030535A7F4BD058C0416326512F543340
D,0101000020E61000002F535A7F4BD058C0F6F065A208533340
D,0101000020E6100000F6B9DA8AFDCF58C0D58C0C72175B3340
D,0101000020E6100000B6205B96AFCF58C043D95BCAF94A3340
D,0101000020E6100000B6205B96AFCF58C0F8669B1BD3493340
D,0101000020E6100000B6205B96AFCF58C08F06B7B585473340
D,0101000020E6100000B7205B96AFCF58C04694F6065F463340
D,0101000020E6100000B7205B96AFCF58C02AA6D24F38453340
D,0101000020E6100000DE8C614ED0CA58C0F4F065A208533340
D,0101000020E6100000A2F3E15982CA58C0F4F065A208533340
D,0101000020E6100000B08EE3874AC958C046D26EF431913340
D,0101000020E6100000335CE49EAEC858C0DD2C25CB498A3340
D,0101000020E6100000355CE49EAEC858C0C33E011423893340
D,0101000020E6100000355CE49EAEC858C078CC4065FC873340
D,0101000020E6100000B929E5B512C858C029E44A3D0B903340
D,0101000020E6100000882B67EF8CC658C0E1A25A4414813340
D,0101000020E6100000872B67EF8CC658C0C7B4368DED7F3340
D,0101000020E61000004A92E7FA3EC658C0E1A25A4414813340
D,0101000020E6100000CE5FE811A3C558C0480A2C80293D3340
D,0101000020E6100000D7FAE93F6BC458C07A4276DEC67E3340
D,0101000020E610000098616A4B1DC458C0F4F065A208533340
D,0101000020E61000006A63EC8497C258C03F6326512F543340
D,0101000020E61000002FCA6C9049C258C0D90242EBE1513340
D,0101000020E61000002BCA6C9049C258C024309DD66D4E3340
D,0101000020E61000002BCA6C9049C258C0DC787764AC483340
D,0101000020E61000002DCA6C9049C258C09006B7B585473340
D,0101000020E6100000EF30ED9BFBC158C0406326512F543340
D,0101000020E6100000EE30ED9BFBC158C02A616D8C9D403340
D,0101000020E6100000A67686A9ADC158C0D3D17135B25F3340
D,0101000020E6100000A67686A9ADC158C02B616D8C9D403340
D,0101000020E6100000E48920CEC3C058C023BA675DA3573340
D,0101000020E6100000695721E527C058C023BA675DA3573340
D,0101000020E610000029BEA1F0D9BF58C023BA675DA3573340
D,0101000020E6100000B826A43506BE58C09337876BB5393340
D,0101000020E6100000222F6B6281C358C04C8061F9F3333340
D,0101000020E6100000E91ED95C35D158C0D90242EBE1513340
D,0101000020E6100000DAFAE93F6BC458C0885FB1868B5E3340
D,0101000020E61000002FCA6C9049C258C0D58C0C72175B3340
D,0101000020E61000002CCA6C9049C258C0D647A7AE7C563340
D,0101000020E6100000F130ED9BFBC158C0D58C0C72175B3340
D,0101000020E6100000EF30ED9BFBC158C0881A4CC3F0593340
D,0101000020E6100000A67686A9ADC158C0891A4CC3F0593340
D,0101000020E61000002023A0C211C158C03BEDF0D7645D3340
D,0101000020E6100000A4F0A0D975C058C0F07A30293E5C3340
D+,0101000020E61000001C2922C32AD558C0F4F065A208533340
D+,0101000020E6100000E28FA2CEDCD458C0F4F065A208533340
D+,0101000020E61000001A1D5723BBD258C08D90813CBB503340
D+,0101000020E61000009EEA573A1FD258C0406326512F543340
D+,0101000020E61000009DEA573A1FD258C0F4F065A208533340
D+,0101000020E61000006251D845D1D158C0D547A7AE7C563340
D+,0101000020E61000006351D845D1D158C0F4F065A208533340
D+,0101000020E61000008322DDCF29CE58C0E2A9471ADC3A3340
D+,0101000020E610000044895DDBDBCD58C0E1A9471ADC3A3340
D+,0101000020E610000045895DDBDBCD58C02FD7A20568373340
D+,0101000020E610000007F0DDE68DCD58C0E1A9471ADC3A3340
D+,0101000020E610000008F0DDE68DCD58C09337876BB5393340
D+,0101000020E610000009F0DDE68DCD58C07B4963B48E383340
D+,0101000020E6100000CB565EF23FCD58C09337876BB5393340
D+,0101000020E61000008FBDDEFDF1CC58C09437876BB5393340
D+,0101000020E610000050245F09A4CC58C0E2A9471ADC3A3340
D+,0101000020E6100000148BDF1456CC58C02E1C08C9023C3340
D+,0101000020E6100000158BDF1456CC58C0E2A9471ADC3A3340
D+,0101000020E61000005DBF60376CCB58C077D32D3BC4413340
